didok,stationsbezeichnung,Nebenbetrieb,oeffnungszeiten,bemerkungen,didokstr,geopos,GO-Abk,ID
10,Basel SBB,FOTOAUTOMAT,,,10,"47.5474041527, 7.58955146721",SBB,1
301,Rheinfelden,K Kiosk,Mo-Fr 05.30-20.00Sa    07.00-20.00So    08.00-19.00,,301,"47.5512096146, 7.79215393064",SBB,2
170,Tramelan,KIOSK ;Relay Services,,lu-ve 06:00-20:00sa-di 07:30-20:00,170,"47.2228109343, 7.1055695828",CJ,3
195,"Combe, La",RESTAURANT,,La Combe,195,"47.2849120162, 7.10010489046",CJ,4
206,Solothurn West,SNACKBAR/BUFFET EXPRESS,,,206,"47.2067084108, 7.53194511273",SBB,5
191,Saignelégier,Kiosque Relay Naville,,,191,"47.2546721635, 6.99450359036",CJ,6
221,Büren an der Aare,Prontophot,,,221,"47.1381491319, 7.37122978062",SBB,7
210,Wangen an der Aare,DIE POST,,,210,"47.2319515056, 7.6562236042",SBB,8
206,Solothurn West,FOTOAUTOMAT,,,206,"47.2067084108, 7.53194511273",SBB,9
301,Rheinfelden,FOTOAUTOMAT,,,301,"47.5512096146, 7.79215393064",SBB,10
204,Selzach,Selectaautomat,,,204,"47.2006188377, 7.45662984225",SBB,11
1120,Lausanne,Kiosque,05h00 - 22h00,ouvert tous les jours.2 autres kiosques à disposition en gare,1120,"46.5167786487, 6.62909314109",CFF,12
1108,"Sarraz, La",Boulangerie,,Boulangerie-Kiosque P. Clément,1108,"46.6587767613, 6.51736524915",CFF,13
1008,Genève,AIDE EN GARE,,des 29.03.98,1008,"46.2102022669, 6.14245302875",CFF,14
1120,Lausanne,Postomat,,1 x avec Euros,1120,"46.5167786487, 6.62909314109",CFF,15
1022,Versoix,Kiosque,,Naville,1022,"46.2797158332, 6.16574632626",CFF,16
1026,Genève-Aéroport,Snack Aux Bonnes Choses,,,1026,"46.2325293452, 6.11198571992",CFF,17
1026,Genève-Aéroport,Canonica,,,1026,"46.2325293452, 6.11198571992",CFF,18
1031,Gland,Bancomat Raiffeisen,,,1031,"46.419975355, 6.26913801937",CFF,19
1008,Genève,PHOTOMATON,,,1008,"46.2102022669, 6.14245302875",CFF,20
1033,Rolle,Place de Taxi,,,1033,"46.4627356609, 6.3364081818",CFF,21
27,Gelterkinden,DIVERSES,,"Retraitenhaus SONNENHOF ca 1.5 km (steiler Anstieg), Altersheim 300 m",27,"47.4658812396, 7.84765271265",SBB,22
21,Pratteln,K Kiosk,Mo-Fr 05.15-20.00Sa    07.30-20.00So    08.00-19.00,,21,"47.522657608, 7.69080243836",SBB,23
22,Frenkendorf-Füllinsdorf,K Kiosk,Mo-Sa 06.00-19.30So    08.30-19.30,,22,"47.501457047, 7.71909156777",SBB,24
22,Frenkendorf-Füllinsdorf,FOTOAUTOMAT,,Video-Fotoautomat,22,"47.501457047, 7.71909156777",SBB,25
21,Pratteln,Coop Pronto,Mo-Fr 05.00-23.00,,21,"47.522657608, 7.69080243836",SBB,26
20,Muttenz,DIVERSES,,Valora/ Kiosk / Café,20,"47.5335803903, 7.64787914262",SBB,27
10,Basel SBB,ZOLL FRANKREICH,,,10,"47.5474041527, 7.58955146721",SBB,28
26,Sissach,KOPIERGERÄT,,,26,"47.4627456535, 7.81201832437",SBB,29
21,Pratteln,BANCOMAT,,,21,"47.522657608, 7.69080243836",SBB,30
20,Muttenz,BANCOMAT,,,20,"47.5335803903, 7.64787914262",SBB,31
309,Brugg AG,K Kiosk,Mo-Fr 05.30-21.30Sa    06.00 -21.30So    06.30-21.00,,309,"47.4808528316, 8.20882744791",SBB,32
302,Möhlin,K Kiosk,Mo-Fr 06.30-18.30Sa    07.30-16.00So    geschlossen,,302,"47.5618497594, 7.83385418673",SBB,33
305,Frick,TAXI STANDPLATZ,,Taxi nach tel. Bestellung,305,"47.5073437467, 8.01307225263",SBB,34
320,Stein-Säckingen,Selectaautomat,,,320,"47.5415967349, 7.94882272396",SBB,35
1008,Genève,BOULANGERIE/CONFISERIE,,,1008,"46.2102022669, 6.14245302875",CFF,36
1008,Genève,BUFFET DE LA GARE,,,1008,"46.2102022669, 6.14245302875",CFF,37
322,Laufenburg,Selectaautomat,,,322,"47.5597640916, 8.06127319304",SBB,38
1003,Satigny,Salon de beauté,,,1003,"46.2142202175, 6.0375091428",CFF,39
302,Möhlin,TAXI STANDPLATZ,,,302,"47.5618497594, 7.83385418673",SBB,40
320,Stein-Säckingen,KIOSK,,,320,"47.5415967349, 7.94882272396",SBB,41
1400,Aigle,EUROPCAR,"lu-ve:9h-18h00,<br/>sa:9h-15h,<br/>di: fermé",,1400,"46.3168441199, 6.9636800936",CFF,42
1482,Leysin-Feydey,TAXI STANDPLATZ,,sur demande,1482,"46.3444423351, 7.00836910886",TPC-al,43
1403,St-Maurice,TAXI STANDPLATZ,,,1403,"46.216363536, 7.00204915835",CFF,44
1500,Martigny,TAXI STANDPLATZ,,,1500,"46.1058273015, 7.07912247583",CFF,45
1403,St-Maurice,Buffet Express,,,1403,"46.216363536, 7.00204915835",CFF,46
1492,Gryon,DIE POST,,,1492,"46.2735780411, 7.05971889224",TPC-bvb,47
1403,St-Maurice,POSTOMAT,,,1403,"46.216363536, 7.00204915835",CFF,48
1398,Saanen BE,KIOSK,,,1398,"46.4885751409, 7.26027824102",MOB,49
1492,Gryon,KIOSK,,,1492,"46.2735780411, 7.05971889224",TPC-bvb,50
1492,Gryon,BANK,,,1492,"46.2735780411, 7.05971889224",TPC-bvb,51
1120,Lausanne,Bancomat,,2 x Raiffeisen1 x avec Euros,1120,"46.5167786487, 6.62909314109",CFF,52
1120,Lausanne,Buffet de la Gare,06h00 - 23h30,,1120,"46.5167786487, 6.62909314109",CFF,53
1177,Bercher,BAHNHOFBUFFET,,Hotel (5 chambres),1177,"46.6928781479, 6.70364872271",LEB,54
1200,Vevey,Coiffeur,,Salon de coiffure Sofia,1200,"46.4629974303, 6.84345000982",CFF,55
1200,Vevey,Photographe,,Favez Gilles,1200,"46.4629974303, 6.84345000982",CFF,56
1200,Vevey,Kiosque,,Relay,1200,"46.4629974303, 6.84345000982",CFF,57
1160,Lausanne-Chauderon,TAXI STANDPLATZ,,,1160,"46.5232251758, 6.62606417447",LEB,58
1120,Lausanne,Six - Accessoires,,,1120,"46.5167786487, 6.62909314109",CFF,59
1200,Vevey,Buffet Express,,,1200,"46.4629974303, 6.84345000982",CFF,60
1200,Vevey,PLACE DE TAXI,,,1200,"46.4629974303, 6.84345000982",CFF,61
1698,Riederalp Mitte,BAHNHOFBUFFET,,,1698,"46.377990382, 8.03321389312",ARBAG,62
1689,Zermatt,TOURISMUSBÜRO,,,1689,"46.0244720211, 7.74829647858",MGB-bvz,63
1656,Leukerbad,TOURISMUSBÜRO,,,1656,"46.3797876392, 7.62640947824",LLB,64
1609,Brig,FOTOAUTOMAT,,,1609,"46.3194210071, 7.98809158467",SBB,65
28,Tecknau,RESTAURANT Post,MO-SA geöffnet. Zeiten auf Anfrage.,Hauptstrasse 39 (ca. 800m -> Gelterkinden),28,"47.4457572594, 7.88760523024",SBB,66
28,Tecknau,LEBENSMITTELGESCHäFT,,nächste Möglichkeit:Gelterkinden und Wenslingen,28,"47.4457572594, 7.88760523024",SBB,67
27,Gelterkinden,Kiosk,,Avec Shop,27,"47.4658812396, 7.84765271265",SBB,68
30,Basel Euroairport,Restaurant / Carestel - «Au 5ème»,Mo-So: 08.00 - 23.00,Service plus:Beteiligung an den Parkingkosten gegen Vorlage des Parkingtickets beim Restaurant.Mittagessen von Montag bis Sonntag: 1 Stunde gratis parkieren. Nachtessen von Montag bis Donnerstag: ab 18 Uhr - Parkplatz für einen Pauschalpreis von 4.50 CHF. Nachtessen von Freitag bis Sonntag: ab 18 Uhr - kostenloser Parkplatz für den ganzen Abend.,30,,,69
60,Binningen,RESTAURANT,,,60,"47.5373218928, 7.57515275452",BLT,70
62,Bottmingen,POSTOMAT,,,62,"47.5242759746, 7.57160080477",BLT,71
64,Therwil,DIE POST,,,64,"47.4993335495, 7.55716560548",BLT,72
30,Basel Euroairport,k kiosk,Wintermonate: Mo-So 05.30 - 21.00Sommermonate: Mo-So 04.30 - 21.00,#NAME?,30,,,73
30,Basel Euroairport,Bars und Snacks / SSP - Vins & Cie.,Mo-So: erster bis letzter Flug,Div. weitere Bars und Snacks sind ebenfalls vorhanden!,30,,,74
30,Basel Euroairport,Bankautomat Crédit Mutuel,24 Stunden in Betrieb,#NAME?,30,,,75
105,Moutier,migrolino,Mo-Sa 06.00 - 22.00So    07.00-21.00,,105,"47.2806661619, 7.38103944266",CFF,76
113,Laufen,avec.,"Mo-Fr	5.00-22.00Sa	6.00-22.00So	6.00-21.00",,113,"47.4193383263, 7.50263030739",SBB,77
126,Porrentruy,BAHNHOFBUFFET,,FAX    032/466 21 89,126,"47.420909698, 7.08007451034",CFF,78
118,Dornach-Arlesheim,TAXI STANDPLATZ,,,118,"47.488608339, 7.61110691339",SBB,79
90,Basel Bad Bf,FOTOAUTOMAT,,,90,"47.5681463635, 7.60728432529",SBB,80
109,Delémont,Relay Kiosque,,,109,"47.3620006555, 7.35005384248",CFF,81
90,Basel Bad Bf,DIE POST,,,90,"47.5681463635, 7.60728432529",SBB,82
109,Delémont,Optic 2000,,,109,"47.3620006555, 7.35005384248",CFF,83
100,Tavannes,POSTOMAT,,,100,"47.2198385551, 7.20163489763",CFF,84
90,Basel Bad Bf,BANK,,,90,"47.5681463635, 7.60728432529",SBB,85
1565,Finhaut,OFFICE DU TOURISME,08.30-12.15<br/>13.30-17.45,,1565,"46.0823239833, 6.9763778892",TMR-mc,86
1601,Leuk,K Kiosk,Mo-Fr  06.30-18.30Sa-So  07.30-18.00,,1601,"46.3118851335, 7.64394777254",SBB,87
1506,Sion,FOTOAUTOMAT,,Prontophot dans le hall,1506,"46.2275453615, 7.35919185191",CFF,88
1509,Sierre/Siders,Kiosque,,Relay,1509,"46.2921149792, 7.53283036255",CFF,89
1568,"Châtelard-Frontière, Le",ZOLL FRANKREICH,,,1568,"46.0536718212, 6.95061229009",TMR-mc,90
1506,Sion,TAXI STANDPLATZ,,,1506,"46.2275453615, 7.35919185191",CFF,91
1500,Martigny,Migrolino,,,1500,"46.1058273015, 7.07912247583",CFF,92
1506,Sion,Europcar,,,1506,"46.2275453615, 7.35919185191",CFF,93
10,Basel SBB,BAHNHOFHILFE,,,10,"47.5474041527, 7.58955146721",SBB,94
1120,Lausanne,Office du tourisme,Lu - di 09h00-19h00,Autres succursales à Ouchy et à la Cathédrale,1120,"46.5167786487, 6.62909314109",CFF,95
1120,Lausanne,www.railcity.ch,Lu-Ve 08h00 - 12h00      13h30 - 16h45,http://www.railcity.ch/fr/index/lausanne,1120,"46.5167786487, 6.62909314109",CFF,96
1120,Lausanne,Photomaton,,face au guichet des bagages,1120,"46.5167786487, 6.62909314109",CFF,97
1118,Renens VD,Coop Pronto,Lu-Di   05.00-24.00,,1118,"46.5370287879, 6.57893884264",CFF,98
1120,Lausanne,Aperto,Lu-Di  06.00-24.00,,1120,"46.5167786487, 6.62909314109",CFF,99
1060,"Cure, La",ZOLL SCHWEIZ,,,1060,"46.4651296345, 6.07357840977",NStCM,100
1030,Nyon,PLACE DE TAXI,,,1030,"46.3844060313, 6.23597429701",CFF,101
1037,Morges,PHOTOMATON,,,1037,"46.5110918027, 6.49396427184",CFF,102
1118,Renens VD,Selecta,,,1118,"46.5370287879, 6.57893884264",CFF,103
1120,Lausanne,Taxis,,,1120,"46.5167786487, 6.62909314109",CFF,104
170,Tramelan,Agence Novicar,LU-VE 08:30-12:00 / 14:00-17:00SA-DI FERME,,170,"47.2228109343, 7.1055695828",CJ,105
113,Laufen,TOURISMUSBÜRO,,"c/o Terra Travel, Distanz 500 m",113,"47.4193383263, 7.50263030739",SBB,106
113,Laufen,TAXI STANDPLATZ,,oder 061/761 60 91,113,"47.4193383263, 7.50263030739",SBB,107
115,Grellingen,Kiosk,,im Bahnhofsgebäude,115,"47.4412906001, 7.59198326877",SBB,108
194,Pré-Petitjean,Buffet de la Gare,,,194,"47.2771195472, 7.05881318703",CJ,109
200,Pieterlen,Snack-Selecta,,,200,"47.1714342219, 7.34019009864",SBB,110
200,Pieterlen,Fotoautomat,,,200,"47.1714342219, 7.34019009864",SBB,111
109,Delémont,Car postal,,,109,"47.3620006555, 7.35005384248",CFF,112
109,Delémont,Selecta,,,109,"47.3620006555, 7.35005384248",CFF,113
170,Tramelan,DIE POST,,,170,"47.2228109343, 7.1055695828",CJ,114
1300,Montreux,INTERNET,,Borne internet free access dans salle d'attente de Montreux MOB,1300,"46.4358743527, 6.91043275261",CFF,115
1173,Echallens,TAXI STANDPLATZ,,Sur avis téléphonique,1173,"46.6395002737, 6.6325409066",LEB,116
1200,Vevey,Librairie,,C'est Ecrit,1200,"46.4629974303, 6.84345000982",CFF,117
1403,St-Maurice,Kiosque,,Relay,1403,"46.216363536, 7.00204915835",CFF,118
1164,Cery-Fleur-de-Lys,RESTAURANT,,,1164,"46.5445731292, 6.60501249912",LEB,119
1377,Les Avants,TOURISMUSBÜRO,,,1377,"46.4538077906, 6.94333089193",MOB,120
1173,Echallens,BAHNHOFBUFFET,,,1173,"46.6395002737, 6.6325409066",LEB,121
1399,Gstaad,TAXI STANDPLATZ,,,1399,"46.4748024084, 7.28441201978",MOB,122
1400,Aigle,PLACE DE TAXI,,,1400,"46.3168441199, 6.9636800936",CFF,123
1400,Aigle,Photomaton,,,1400,"46.3168441199, 6.9636800936",CFF,124
212,Oensingen,K Kiosk,Mo-Fr 05.30-19.30Sa    06.30-19.30So    08.00-19.30,,212,"47.2850232125, 7.70985469445",SBB,125
309,Brugg AG,K Kiosk,Mo-Fr 06.00-19.00Sa    07.00-17.00So    geschlossen,,309,"47.4808528316, 8.20882744791",SBB,126
221,Büren an der Aare,K Kiosk,Mo-Fr 06.00-19.00Sa-So 07.30-18.30,,221,"47.1381491319, 7.37122978062",SBB,127
201,Lengnau,K Kiosk,Mo-Fr 06.00-18.30Sa    08.00-17.00So    08.00-16.00,,201,"47.1794233382, 7.36654652735",SBB,128
214,Egerkingen,Selectaautomat,,,214,"47.3148575546, 7.79894973749",SBB,129
309,Brugg AG,TAXI STANDPLATZ,,,309,"47.4808528316, 8.20882744791",SBB,130
201,Lengnau,Snack-Selecta,,,201,"47.1794233382, 7.36654652735",SBB,131
206,Solothurn West,KIOSK,,,206,"47.2067084108, 7.53194511273",SBB,132
207,Solothurn,Postomat,,,207,"47.2041807751, 7.54268420304",SBB,133
294,Balsthal,KIOSK,,,294,"47.3128885029, 7.69391394062",OeBB,134
90,Basel Bad Bf,Coop Pronto,Mo-So  05.00-23.00,,90,"47.5681463635, 7.60728432529",SBB,135
70,Rodersdorf,ZOLL SCHWEIZ,,061/731 15 11,70,"47.4809990776, 7.45905473894",BLT,136
105,Moutier,Kiosque,,Naville,105,"47.2806661619, 7.38103944266",CFF,137
100,Tavannes,Kiosque RELAY Hub Convenience,,,100,"47.2198385551, 7.20163489763",CFF,138
90,Basel Bad Bf,SNACKBAR/BUFFET EXPRESS,,,90,"47.5681463635, 7.60728432529",SBB,139
90,Basel Bad Bf,TAXI STANDPLATZ,,,90,"47.5681463635, 7.60728432529",SBB,140
86,Oberdorf BL,RESTAURANT,,,86,"47.3921205659, 7.74890163632",WB,141
86,Oberdorf BL,DIE POST,,,86,"47.3921205659, 7.74890163632",WB,142
68,Flüh,RESTAURANT,,,68,"47.4890529439, 7.49915688969",BLT,143
68,Flüh,BANCOMAT,,,68,"47.4890529439, 7.49915688969",BLT,144
1481,Leysin-Village,TAXI STANDPLATZ,,sur demande,1481,"46.3392609498, 7.00605937201",TPC-al,145
1500,Martigny,Bancomat,,Raiffeisen,1500,"46.1058273015, 7.07912247583",CFF,146
1509,Sierre/Siders,Buffet de la Gare,,,1509,"46.2921149792, 7.53283036255",CFF,147
1448,Champéry,TAXI STANDPLATZ,,,1448,"46.174950304, 6.87150433206",TPC-aomc,148
1506,Sion,Adminstration des douanes,,,1506,"46.2275453615, 7.35919185191",CFF,149
1506,Sion,Police cantonale,,,1506,"46.2275453615, 7.35919185191",CFF,150
1421,Monthey,BAHNHOFHILFE,,,1421,"46.2556458933, 6.9552285472",CFF,151
1421,Monthey,Postomat,,,1421,"46.2556458933, 6.9552285472",CFF,152
1500,Martigny,Subway,,,1500,"46.1058273015, 7.07912247583",CFF,153
1502,Saxon,La Poste,,,1502,"46.149376272, 7.17343442478",CFF,154
1656,Leukerbad,ORTSBUS,,RING-JET rund um Leukerbad: Tageskarte 3.-/Wochenkarte 14.-,1656,"46.3797876392, 7.62640947824",LLB,155
1609,Brig,Eidgenössische Zollverwaltung EZV,,,1609,"46.3194210071, 7.98809158467",SBB,156
1689,Zermatt,BäCKEREI/CONFISERIE,,,1689,"46.0244720211, 7.74829647858",MGB-bvz,157
1661,Oberwald,KIOSK,,,1661,"46.5308495637, 8.34294024356",MGB-fo,158
62,Bottmingen,LEBENSMITTELGESCHäFT,,,62,"47.5242759746, 7.57160080477",BLT,159
61,Bottmingermühle,KIOSK,,,61,"47.5324312577, 7.57344043415",BLT,160
64,Therwil,RESTAURANT,,,64,"47.4993335495, 7.55716560548",BLT,161
64,Therwil,BANCOMAT,,,64,"47.4993335495, 7.55716560548",BLT,162
64,Therwil,APOTHEKE,,,64,"47.4993335495, 7.55716560548",BLT,163
68,Flüh,DIE POST,,,68,"47.4890529439, 7.49915688969",BLT,164
64,Therwil,KIOSK,,,64,"47.4993335495, 7.55716560548",BLT,165
68,Flüh,BANK,,,68,"47.4890529439, 7.49915688969",BLT,166
30,Basel Euroairport,Internet Corner,,Ankunft Schweiz 1 Terminal,30,,,167
30,Basel Euroairport,Mietwagen,,,30,,,168
1601,Leuk,DIVERSES,,"DIREKTION LLB  3952  SUSTEN, 027/474.98.00, FAX 027/474 98 01",1601,"46.3118851335, 7.64394777254",SBB,169
1605,Visp,Dennda Orthopädie und Rehatechnik,,,1605,"46.2940248591, 7.88145816487",SBB,170
1576,Sembrancher,BAHNHOFBUFFET,,,1576,"46.0771013189, 7.14629384096",TMR-mo,171
1609,Brig,POLIZEI AM BAHNHOF,,,1609,"46.3194210071, 7.98809158467",SBB,172
1605,Visp,Capitole Pharmacie,,,1605,"46.2940248591, 7.88145816487",SBB,173
1609,Brig,Cut Club Coiffeur,,,1609,"46.3194210071, 7.98809158467",SBB,174
1609,Brig,Stadtbistro Brig,,,1609,"46.3194210071, 7.98809158467",SBB,175
1604,Raron,BAHNHOFBUFFET,,,1604,"46.3062732767, 7.80150766492",SBB,176
1609,Brig,Volken Shop,,,1609,"46.3194210071, 7.98809158467",SBB,177
23,Liestal,Snackbar / Buffet express,Mo-Fr 5.15-20.00Sa-So 6.00-19.00,,23,"47.4844551308, 7.73135468775",SBB,178
26,Sissach,FOTOAUTOMAT,,Für farbige Passbilder,26,"47.4627456535, 7.81201832437",SBB,179
27,Gelterkinden,TAXI STANDPLATZ,,061 841 16 16,27,"47.4658812396, 7.84765271265",SBB,180
28,Tecknau,RESTAURANT Bahnhof,,vis-à-vis  Bahnhof,28,"47.4457572594, 7.88760523024",SBB,181
10,Basel SBB,LEBENSMITTELGESCHäFT,,diverse,10,"47.5474041527, 7.58955146721",SBB,182
23,Liestal,migrolino,Mo-So  6.00-23.00,,23,"47.4844551308, 7.73135468775",SBB,183
27,Gelterkinden,Restaurant,,Avec Shop,27,"47.4658812396, 7.84765271265",SBB,184
21,Pratteln,FOTOAUTOMAT,,Gleis 1,21,"47.522657608, 7.69080243836",SBB,185
10,Basel SBB,DIE POST,,,10,"47.5474041527, 7.58955146721",SBB,186
10,Basel SBB,POSTOMAT,,,10,"47.5474041527, 7.58955146721",SBB,187
309,Brugg AG,APERTO,Mo-Sa  06.00-22.00So     07.00-22.00,,309,"47.4808528316, 8.20882744791",SBB,188
1026,Genève-Aéroport,Marrionaud Parfumerie,,,1026,"46.2325293452, 6.11198571992",CFF,189
1030,Nyon,Croissanterie / Magasin d'alimentation,,,1030,"46.3844060313, 6.23597429701",CFF,190
1026,Genève-Aéroport,Pressing 5 à Sec,,,1026,"46.2325293452, 6.11198571992",CFF,191
1026,Genève-Aéroport,La Rôtisserie,,,1026,"46.2325293452, 6.11198571992",CFF,192
1001,"Plaine, La",Coiffure Nouvel'Hair,,,1001,"46.1786594705, 5.99999627842",CFF,193
10,Basel SBB,RESTAURANT,,Diverse Spezialitätenrestaurants des Bahnhofbuffets,10,"47.5474041527, 7.58955146721",SBB,194
10,Basel SBB,APOTHEKE,,Central-Apotheke vis à vis Bahnhof - täglich geöffnet,10,"47.5474041527, 7.58955146721",SBB,195
20,Muttenz,avec.,"Mo-Fr	6.00-22.00Sa-So	7.00-22.00",,20,"47.5335803903, 7.64787914262",SBB,196
10,Basel SBB,TOURISMUSBÜRO,,,10,"47.5474041527, 7.58955146721",SBB,197
20,Muttenz,TAXI STANDPLATZ,,,20,"47.5335803903, 7.64787914262",SBB,198
10,Basel SBB,BANCOMAT,,,10,"47.5474041527, 7.58955146721",SBB,199
10,Basel SBB,KIOSK,,,10,"47.5474041527, 7.58955146721",SBB,200
23,Liestal,DIVERSES,,> Kaserne: 10 Min zu Fuss   >Kantonsspital: 5 Minuten zu Fuss,23,"47.4844551308, 7.73135468775",SBB,201
27,Gelterkinden,DIE POST,,"Post 300 m, (zusätzlich Postumlad im Bahnhof)",27,"47.4658812396, 7.84765271265",SBB,202
23,Liestal,K Kiosk,Mo-Fr 05.30-20.00Sa    06.30-20.00So    07.00-20.00,,23,"47.4844551308, 7.73135468775",SBB,203
27,Gelterkinden,ZEUGHAUS,,ca 2 km Richtung Rünenberg,27,"47.4658812396, 7.84765271265",SBB,204
26,Sissach,SNACKBAR/BUFFET EXPRESS,,Imbiss/Kebabstand,26,"47.4627456535, 7.81201832437",SBB,205
23,Liestal,Taxi Standplatz,,,23,"47.4844551308, 7.73135468775",SBB,206
62,Bottmingen,DIE POST,,,62,"47.5242759746, 7.57160080477",BLT,207
62,Bottmingen,KIOSK,,,62,"47.5242759746, 7.57160080477",BLT,208
26,Sissach,KIOSK,,,26,"47.4627456535, 7.81201832437",SBB,209
30,Basel Euroairport,Dufry Shops,Mo-So: erster bis letzter Flug,"5 Duft Shops im Abflug International und Schengen mit div. Artikel wie z.B.:Weine und Spirituosen, Uhren, Parfums, Rauchwaren, Kosmetik, Mode und Accessoires, Reiseutensilien, Schokolade und Confiserie, Kinderspielzeug, Damen- und Herrenmode, Accessoires, Lederwaren.",30,,,210
1120,Lausanne,Restaurant à l'étage,Lu - di 06h00-22h00,Cuisine indienne et népalaise,1120,"46.5167786487, 6.62909314109",CFF,211
1120,Lausanne,Douane,,"Occupation sporadique du poste, boîtes de déclaration de douane dans les sous-voies.détaxe GlobalBlue au Change CFF",1120,"46.5167786487, 6.62909314109",CFF,212
1120,Lausanne,Pharmacie,07h00 - 23h00,ouvert tous les jours,1120,"46.5167786487, 6.62909314109",CFF,213
1120,Lausanne,Aloc-Cars,"lu-ve, 08h00-12h00/13h30-18h00sa, 08h00-12h00/14h00-18h00di, 15h00-18h00",,1120,"46.5167786487, 6.62909314109",CFF,214
1300,Montreux,BANCOMAT,,EC-direct / Eurocard-Master Cardretrait min. CHF 20.- max. CHF 100.-,1300,"46.4358743527, 6.91043275261",CFF,215
1120,Lausanne,Police en gare,07h30-18h00 sauf intervention,,1120,"46.5167786487, 6.62909314109",CFF,216
1300,Montreux,Coop Pronto,Lu-Di   06.00-22.00,,1300,"46.4358743527, 6.91043275261",CFF,217
1120,Lausanne,Boulangerie,"lu-di, 05h30-22h00",,1120,"46.5167786487, 6.62909314109",CFF,218
1200,Vevey,APERTO,Lu-Di 06.00-22.00,,1200,"46.4629974303, 6.84345000982",CFF,219
1161,Montétan,TAXI STANDPLATZ,,,1161,"46.5303290639, 6.61318337148",LEB,220
100,Tavannes,Photocopieuse,,Disponible à la Gare,100,"47.2198385551, 7.20163489763",CFF,221
86,Oberdorf BL,KIOSK,Sonntags geschlossen,,86,"47.3921205659, 7.74890163632",WB,222
100,Tavannes,Office de Tourisme,,,100,"47.2198385551, 7.20163489763",CFF,223
63,Oberwil BL,TAXI STANDPLATZ,,,63,"47.5147558762, 7.55929727807",BLT,224
64,Therwil,WEITERE GESCHäFTE,,,64,"47.4993335495, 7.55716560548",BLT,225
90,Basel Bad Bf,BAHNHOFHILFE,,,90,"47.5681463635, 7.60728432529",SBB,226
85,Niederdorf,RESTAURANT,,,85,"47.4043898081, 7.75184777067",WB,227
68,Flüh,ZOLL SCHWEIZ,,,68,"47.4890529439, 7.49915688969",BLT,228
80,Talhaus,RESTAURANT,,,80,"47.4514439827, 7.7497638173",WB,229
64,Therwil,BANK,,,64,"47.4993335495, 7.55716560548",BLT,230
118,Dornach-Arlesheim,K Kiosk,Mo-Fr 05.30-20.00<br/>Sa-So 06.00-20.00,,118,"47.488608339, 7.61110691339",SBB,231
171,"Reussilles, Les",RESTAURANT,,Boulangerie et Tea-Room,171,"47.2242377187, 7.08344492187",CJ,232
126,Porrentruy,Coop Pronto,Lu-Di   05.00-23.00,,126,"47.420909698, 7.08007451034",CFF,233
126,Porrentruy,Kiosque,,Naville,126,"47.420909698, 7.08007451034",CFF,234
126,Porrentruy,TAXI STANDPLATZ,,,126,"47.420909698, 7.08007451034",CFF,235
178,"Ferrière, La",RESTAURANT,,,178,"47.1426874341, 6.89452937054",CJ,236
126,Porrentruy,FOTOAUTOMAT,,,126,"47.420909698, 7.08007451034",CFF,237
202,Grenchen Süd,Postomat,,,202,"47.1887666151, 7.39817426522",SBB,238
202,Grenchen Süd,avec.,,,202,"47.1887666151, 7.39817426522",SBB,239
186,Alle,KOPIERGERÄT,,,186,"47.4241348211, 7.12833347606",CJ,240
329,Koblenz,K Kiosk,Mo-Fr 05.30-19.00Sa    07.30-19.00So    08.00-19.00,,329,"47.6003354815, 8.22702315842",SBB,241
305,Frick,K Kiosk,Mo-Fr 05.30-19.15Sa    06.30-19.15So    08.30-19.00,,305,"47.5073437467, 8.01307225263",SBB,242
1008,Genève,www.railcity.ch,,http://www.railcity.ch/fr/index/geneve,1008,"46.2102022669, 6.14245302875",CFF,243
863,"Montfaucon, village Reka",RESTAURANT,,,863,"47.282516149, 7.0506853286",CJ Auto,244
863,"Montfaucon, village Reka",DIE POST,,,863,"47.282516149, 7.0506853286",CJ Auto,245
1008,Genève,PLACE DE TAXI,,,1008,"46.2102022669, 6.14245302875",CFF,246
304,Eiken,Taxi Standplatz,,,304,"47.5330359504, 7.98977700634",SBB,247
1008,Genève,KIOSQUE,,,1008,"46.2102022669, 6.14245302875",CFF,248
1008,Genève,APERTO,,,1008,"46.2102022669, 6.14245302875",CFF,249
305,Frick,Bancomat,,,305,"47.5073437467, 8.01307225263",SBB,250
1118,Renens VD,Bancomat,,Raiffeisen,1118,"46.5370287879, 6.57893884264",CFF,251
1026,Genève-Aéroport,Pharmacie Sun Store & Parfumerie privilège,,,1026,"46.2325293452, 6.11198571992",CFF,252
1026,Genève-Aéroport,Bon Génie - Les Boutiques,,,1026,"46.2325293452, 6.11198571992",CFF,253
1026,Genève-Aéroport,Solarium ;Les Bronzés,,,1026,"46.2325293452, 6.11198571992",CFF,254
1026,Genève-Aéroport,Al Volo Pizzeria,,,1026,"46.2325293452, 6.11198571992",CFF,255
1026,Genève-Aéroport,Wine Univers,,,1026,"46.2325293452, 6.11198571992",CFF,256
1026,Genève-Aéroport,Photomaton,,,1026,"46.2325293452, 6.11198571992",CFF,257
1060,"Cure, La",ZOLL FRANKREICH,,,1060,"46.4651296345, 6.07357840977",NStCM,258
1061,"Givrine, La",RESTAURANT,,,1061,"46.4545850909, 6.11145235515",NStCM,259
1030,Nyon,Kiosque Relay,,,1030,"46.3844060313, 6.23597429701",CFF,260
1495,Villars-sur-Ollon,SNACKBAR/BUFFET EXPRESS,,Ouvert en hiver 15.12 à Paques,1495,"46.2962535067, 7.05623802224",TPC-bvb,261
1495,Villars-sur-Ollon,TOURISMUSBÜRO,,,1495,"46.2962535067, 7.05623802224",TPC-bvb,262
1493,"Barboleuse, La",KIOSK,,,1493,"46.2827444058, 7.07050172887",TPC-bvb,263
1482,Leysin-Feydey,KIOSK,,,1482,"46.3444423351, 7.00836910886",TPC-al,264
264,Oberdorf SO,ANDERE TRANSPORTUNTERNEHMUNGEN,,Betrieb Seilbahn eingestellt!,264,"47.2359833227, 7.49376377031",BLS-smb,265
300,Kaiseraugst,K Kiosk,Mo-Fr 06.00-18.00Sa    09.00-13.00So    09.00-12.00,,300,"47.5384906334, 7.72412101576",SBB,266
207,Solothurn,Bancomat,,Perron 1 Bahnhofsgebäude Seite Aperto,207,"47.2041807751, 7.54268420304",SBB,267
300,Kaiseraugst,RESTAURANT,,Fr ab 17 00 und Sa geschlossen,300,"47.5384906334, 7.72412101576",SBB,268
265,Gänsbrunnen,Tunnelkino,,Reservierungsstelle,265,"47.2654594613, 7.4651864669",BLS-smb,269
213,Oberbuchsiten,Selectaautomat,,,213,"47.3052431626, 7.77171069136",SBB,270
202,Grenchen Süd,KOPIERGERÄT,,,202,"47.1887666151, 7.39817426522",SBB,271
208,Luterbach-Attisholz,KIOSK,,,208,"47.2171432544, 7.58351524915",SBB,272
205,Bellach,Selecaautomat,,,205,"47.2089019374, 7.50785978776",SBB,273
301,Rheinfelden,BANCOMAT,,,301,"47.5512096146, 7.79215393064",SBB,274
113,Laufen,BANCOMAT,,"Kantonalbank, Credit Suisse und Raiffeisenbank ca. 100m richtung Altstadt.",113,"47.4193383263, 7.50263030739",SBB,275
113,Laufen,POSTOMAT,,"bei der Post, Distanz 300 m",113,"47.4193383263, 7.50263030739",SBB,276
113,Laufen,DIE POST,,Distanz 300 m,113,"47.4193383263, 7.50263030739",SBB,277
105,Moutier,SNACKBAR/BUFFET EXPRESS,,,105,"47.2806661619, 7.38103944266",CFF,278
109,Delémont,Joray Energy Telecom,,,109,"47.3620006555, 7.35005384248",CFF,279
109,Delémont,Bancomat Raiffeisen,,,109,"47.3620006555, 7.35005384248",CFF,280
118,Dornach-Arlesheim,BANCOMAT,,,118,"47.488608339, 7.61110691339",SBB,281
109,Delémont,Place de taxi,,,109,"47.3620006555, 7.35005384248",CFF,282
105,Moutier,TAXI STANDPLATZ,,,105,"47.2806661619, 7.38103944266",CFF,283
109,Delémont,Raiffeisen,,,109,"47.3620006555, 7.35005384248",CFF,284
1399,Gstaad,PRESS / BOOKS,Mo - So: 08:00 - 18:30<br/>,,1399,"46.4748024084, 7.28441201978",MOB,285
1399,Gstaad,Warenautomat & Fotoautomat,,,1399,"46.4748024084, 7.28441201978",MOB,286
1394,Château-d'Oex,TAXI STANDPLATZ,,,1394,"46.4746699982, 7.13141988446",MOB,287
1394,Château-d'Oex,BAHNHOFBUFFET,,,1394,"46.4746699982, 7.13141988446",MOB,288
1300,Montreux,PHOTOMATON,,,1300,"46.4358743527, 6.91043275261",CFF,289
1394,Château-d'Oex,KIOSK,,,1394,"46.4746699982, 7.13141988446",MOB,290
1403,St-Maurice,DIE POST,,,1403,"46.216363536, 7.00204915835",CFF,291
1400,Aigle,Bancomat,,,1400,"46.3168441199, 6.9636800936",CFF,292
1561,Vernayaz MC,BAHNHOFBUFFET,,Fermé le lundi,1561,"46.1301269722, 7.04493371044",TMR-mc,293
10,Basel SBB,ZOLL SCHWEIZ,,GRENZWACHE SCHWEIZ,10,"47.5474041527, 7.58955146721",SBB,294
309,Brugg AG,APERTO,Mo-So  06.00-22.00,,309,"47.4808528316, 8.20882744791",SBB,295
294,Balsthal,RESTAURANT,,Hotel Bahnhof,294,"47.3128885029, 7.69391394062",OeBB,296
261,Langendorf,PTT Fernmeldezentrale,,,261,"47.21793841, 7.51300681701",BLS-smb,297
1008,Genève,DOUANE SUISSE,,,1008,"46.2102022669, 6.14245302875",CFF,298
303,Mumpf,Selectaautomat,,,303,"47.5476175889, 7.90961301385",SBB,299
305,Frick,Selectaautomat,,,305,"47.5073437467, 8.01307225263",SBB,300
293,Thalbrücke,KIOSK,,,293,"47.3085475984, 7.68822003742",OeBB,301
1008,Genève,PHARMACIE,,,1008,"46.2102022669, 6.14245302875",CFF,302
1008,Genève,FLEURISTE,,,1008,"46.2102022669, 6.14245302875",CFF,303
1008,Genève,BANCOMAT,,,1008,"46.2102022669, 6.14245302875",CFF,304
1565,Finhaut,La Poste,08.30-12.15<br/>13.30-17.45,,1565,"46.0823239833, 6.9763778892",TMR-mc,305
1509,Sierre/Siders,Photomaton,,Prontophot,1509,"46.2921149792, 7.53283036255",CFF,306
1500,Martigny,Magasin,,Daily Shop,1500,"46.1058273015, 7.07912247583",CFF,307
1568,"Châtelard-Frontière, Le",ZOLL SCHWEIZ,,,1568,"46.0536718212, 6.95061229009",TMR-mc,308
1506,Sion,Auto-moto-école de la Gare,,,1506,"46.2275453615, 7.35919185191",CFF,309
1590,Sierre/Siders SMC,Snack-Selecta,,,1590,"46.2927830244, 7.52991168125",SMC,310
1590,Sierre/Siders SMC,Photoautomat,,,1590,"46.2927830244, 7.52991168125",SMC,311
1492,Gryon,TOURISMUSBÜRO,,,1492,"46.2735780411, 7.05971889224",TPC-bvb,312
1492,Gryon,BAHNHOFBUFFET,,,1492,"46.2735780411, 7.05971889224",TPC-bvb,313
1300,Montreux,KIOSQUE,,Kiosque Relay Café Montreux CFF Avenue des Alpes 72 Gare CFF Case postale 10511820 Montreux,1300,"46.4358743527, 6.91043275261",CFF,314
1352,Montreux MOB,SNACKBAR/BUFFET EXPRESS,,05h00-18h00 de Lu-Di ;; dans Salle d'attente,1352,"46.4362535563, 6.91072831865",MOB,315
1200,Vevey,Coop Pronto,Lu-Je  06.00-20.00Ve     fermerSa-Di  06.00-20.00,,1200,"46.4629974303, 6.84345000982",CFF,316
1160,Lausanne-Chauderon,Coop Pronto,Lu-Di   06.00-22.00,,1160,"46.5232251758, 6.62606417447",LEB,317
1200,Vevey,Magasin de fleurs,,La cage aux fleurs,1200,"46.4629974303, 6.84345000982",CFF,318
1166,Romanel-sur-Lausanne,RESTAURANT,,,1166,"46.5624618227, 6.60317132526",LEB,319
1303,Villeneuve,Photocopieuse,,,1303,"46.3983659275, 6.92699984758",CFF,320
1377,Les Avants,BAHNHOFBUFFET,,,1377,"46.4538077906, 6.94333089193",MOB,321
1371,Caux,BAHNHOFBUFFET,,,1371,"46.4311352488, 6.93852944848",MVR-mtgn,322
1169,Cheseaux,RESTAURANT,,,1169,"46.5843428205, 6.60596420945",LEB,323
210,Wangen an der Aare,K Kiosk,Mo-Fr 06.30-19.00Sa 07.00-18.00So 08.00-18.00,,210,"47.2319515056, 7.6562236042",SBB,324
113,Laufen,FOTOAUTOMAT,,"Beim Bahnhof und bei der Post, Distanz 300m",113,"47.4193383263, 7.50263030739",SBB,325
212,Oensingen,FOTOAUTOMAT,,für farbige Passbilder und Portraits,212,"47.2850232125, 7.70985469445",SBB,326
206,Solothurn West,TAXI STANDPLATZ,,,206,"47.2067084108, 7.53194511273",SBB,327
202,Grenchen Süd,TAXI STANDPLATZ,,,202,"47.1887666151, 7.39817426522",SBB,328
221,Büren an der Aare,Selecta,,,221,"47.1381491319, 7.37122978062",SBB,329
206,Solothurn West,KOPIERGERÄT,,,206,"47.2067084108, 7.53194511273",SBB,330
207,Solothurn,Taxi Standplatz,,,207,"47.2041807751, 7.54268420304",SBB,331
209,Deitingen,Selectaautomat,,,209,"47.218217892, 7.61889907416",SBB,332
179,"Cibourg, La",La Poste,,,179,"47.1221175965, 6.88365582489",CJ,333
28,Tecknau,DIE POST,,Nächste Poststelel: 4460 Gelterkinden,28,"47.4457572594, 7.88760523024",SBB,334
27,Gelterkinden,avec.,"Mo-Sa	6.00-20.00So	7.00-20.00",,27,"47.4658812396, 7.84765271265",SBB,335
22,Frenkendorf-Füllinsdorf,KOPIERGERÄT,,Schalterhalle,22,"47.501457047, 7.71909156777",SBB,336
26,Sissach,avec.,"Mo-Fr	5.30-22.00Sa-So	6.30-22.00",,26,"47.4627456535, 7.81201832437",SBB,337
23,Liestal,Coop Pronto,Mo-So  05.00-23.00,,23,"47.4844551308, 7.73135468775",SBB,338
21,Pratteln,TAXI STANDPLATZ,,24 Std.-Betrieb,21,"47.522657608, 7.69080243836",SBB,339
10,Basel SBB,POLIZEI AM BAHNHOF,,,10,"47.5474041527, 7.58955146721",SBB,340
16,Basel St. Johann,Buffet,,,16,"47.5702960042, 7.57251267012",SBB,341
10,Basel SBB,BAHNHOFBUFFET,,,10,"47.5474041527, 7.58955146721",SBB,342
10,Basel SBB,COIFFEUR,,,10,"47.5474041527, 7.58955146721",SBB,343
90,Basel Bad Bf,ZOLL SCHWEIZ,,,90,"47.5681463635, 7.60728432529",SBB,344
109,Delémont,Jeans Station,,,109,"47.3620006555, 7.35005384248",CFF,345
109,Delémont,Coop Pronto,,,109,"47.3620006555, 7.35005384248",CFF,346
69,Leymen,ZOLL FRANKREICH,,,69,"47.4926839713, 7.48486916838",BLT,347
109,Delémont,Relay Café,,,109,"47.3620006555, 7.35005384248",CFF,348
109,Delémont,Prontophot,,,109,"47.3620006555, 7.35005384248",CFF,349
85,Niederdorf,DIE POST,,,85,"47.4043898081, 7.75184777067",WB,350
65,Ettingen,KIOSK,,,65,"47.4837758652, 7.54599951302",BLT,351
30,Basel Euroairport,Passfoto-Automaten,24 Stunden in Betrieb,#NAME?,30,,,352
30,Basel Euroairport,Kinderspielecken / Kids Corner,,Verteilt auf das gesamte Flughafenterminal,30,,,353
1117,Bussigny,avec.,"Lu-Ve	6.00-22.00Sa	7.00-22.00Di	7.30-22.00",,1117,"46.5475795245, 6.55181947041",CFF,354
1037,Morges,APERTO,Lu-Di  05.30-22.00,,1037,"46.5110918027, 6.49396427184",CFF,355
1118,Renens VD,Kiosque,,Naville,1118,"46.5370287879, 6.57893884264",CFF,356
1026,Genève-Aéroport,Kiosque Relay Aérogare,,,1026,"46.2325293452, 6.11198571992",CFF,357
1026,Genève-Aéroport,Coiffure 19th Avenue,,,1026,"46.2325293452, 6.11198571992",CFF,358
1026,Genève-Aéroport,Manor Aérogare,,,1026,"46.2325293452, 6.11198571992",CFF,359
1037,Morges,Restaurant McDonald's,,,1037,"46.5110918027, 6.49396427184",CFF,360
1037,Morges,Kiosque Relay,,,1037,"46.5110918027, 6.49396427184",CFF,361
1060,"Cure, La",DIE POST,,,1060,"46.4651296345, 6.07357840977",NStCM,362
1022,Versoix,POSTOMAT,,,1022,"46.2797158332, 6.16574632626",CFF,363
1394,Château-d'Oex,AUTOMATISCHE TELEFON-INFO,,Wetterbericht und Saisonbahnen der Region,1394,"46.4746699982, 7.13141988446",MOB,364
1398,Saanen BE,AUTOMATISCHE TELEFON-INFO,,Wetterbericht und Saisonbahnen der Region,1398,"46.4885751409, 7.26027824102",MOB,365
1448,Champéry,WEITERE GESCHäFTE,,Telepherique Champery- Planachaux (TCHP),1448,"46.174950304, 6.87150433206",TPC-aomc,366
1403,St-Maurice,Coiffeur,,Coiffure Arc-en-Ciel,1403,"46.216363536, 7.00204915835",CFF,367
1400,Aigle,Kiosque,,Relay,1400,"46.3168441199, 6.9636800936",CFF,368
1465,Val-d'Illiez,TOURISMUSBÜRO,,,1465,"46.2036012547, 6.89323064668",TPC-aomc,369
1400,Aigle,Croissanterie de la Gare,,,1400,"46.3168441199, 6.9636800936",CFF,370
1398,Saanen BE,TAXI STANDPLATZ,,,1398,"46.4885751409, 7.26027824102",MOB,371
1403,St-Maurice,KOPIERGERÄT,,,1403,"46.216363536, 7.00204915835",CFF,372
1403,St-Maurice,FOTOAUTOMAT,,,1403,"46.216363536, 7.00204915835",CFF,373
1605,Visp,Taxi Standplatz,,Taxi Zerzuben,1605,"46.2940248591, 7.88145816487",SBB,374
1609,Brig,Orange Citydisc Center,,,1609,"46.3194210071, 7.98809158467",SBB,375
1609,Brig,TAXI STANDPLATZ,,,1609,"46.3194210071, 7.98809158467",SBB,376
1688,Täsch,SNACKBAR/BUFFET EXPRESS,Mo - Fr 05:30 - 20:00<br/>Sa 06:00 - 21:00<br/>So 06:00 - 20:00,,1688,"46.0674587948, 7.77451598603",MGB-bvz,377
1688,Täsch,KIOSK,Mo - Fr 05:00 - 20:00<br/>Sa 06:00 - 21:00<br/>So 06:00 - 20:00,,1688,"46.0674587948, 7.77451598603",MGB-bvz,378
1688,Täsch,avec.,"Mo-Do	5.30 - 20.00Fr-Sa	5.30 - 21.00So	5.30 - 21.00",,1688,"46.0674587948, 7.77451598603",MGB-bvz,379
1656,Leukerbad,TAXI STANDPLATZ,,24H Betrieb,1656,"46.3797876392, 7.62640947824",LLB,380
1689,Zermatt,Taxi Zermatt,,0848 11 12 12,1689,"46.0244720211, 7.74829647858",MGB-bvz,381
1698,Riederalp Mitte,TOURISMUSBÜRO,,,1698,"46.377990382, 8.03321389312",ARBAG,382
1661,Oberwald,BAHNHOFBUFFET,,,1661,"46.5308495637, 8.34294024356",MGB-fo,383
1698,Riederalp Mitte,DIE POST,,,1698,"46.377990382, 8.03321389312",ARBAG,384
1683,Stalden-Saas,COIFFEUR,,,1683,"46.2319774852, 7.87076552269",MGB-bvz,385
1688,Täsch,KOPIERGERÄT,,,1688,"46.0674587948, 7.77451598603",MGB-bvz,386
20,Muttenz,LEBENSMITTELGESCHÄFT,Mo-Sa     06.00-20.00So        07.00-20.00,Migros im AvecToiletten befinden sich im Avec.Shop (Schlüssel verlangen),20,"47.5335803903, 7.64787914262",SBB,387
20,Muttenz,RESTAURANT,,CAFFE Spettacolo im Avec,20,"47.5335803903, 7.64787914262",SBB,388
10,Basel SBB,BANK,,Basler Kantonalbank,10,"47.5474041527, 7.58955146721",SBB,389
10,Basel SBB,SNACKBAR/BUFFET EXPRESS,,,10,"47.5474041527, 7.58955146721",SBB,390
10,Basel SBB,BäCKEREI/CONFISERIE,,,10,"47.5474041527, 7.58955146721",SBB,391
10,Basel SBB,TAXI STANDPLATZ,,,10,"47.5474041527, 7.58955146721",SBB,392
218,Olten,BAHNHOFHILFE,Mo-Fr 8.00-18.00Sa 8.00-13.00Sonn- und Feiertage geschlossen,,218,"47.3519295325, 7.907688105",SBB,393
322,Laufenburg,TAXI STANDPLATZ,,ohne Sonntage und allgem. Feiertage,322,"47.5597640916, 8.06127319304",SBB,394
322,Laufenburg,K Kiosk,Mo-Fr 06.19.00Sa-So 08.00-18.00,,322,"47.5597640916, 8.06127319304",SBB,395
320,Stein-Säckingen,TAXI STANDPLATZ,,,320,"47.5415967349, 7.94882272396",SBB,396
294,Balsthal,PRIVATES REISEBüRO,,,294,"47.3128885029, 7.69391394062",OeBB,397
301,Rheinfelden,TAXI STANDPLATZ,,,301,"47.5512096146, 7.79215393064",SBB,398
322,Laufenburg,FOTOAUTOMAT,,,322,"47.5597640916, 8.06127319304",SBB,399
309,Brugg AG,FOTOAUTOMAT,,,309,"47.4808528316, 8.20882744791",SBB,400
301,Rheinfelden,Imbiss,,,301,"47.5512096146, 7.79215393064",SBB,401
305,Frick,FOTOAUTOMAT,,,305,"47.5073437467, 8.01307225263",SBB,402
212,Oensingen,TAXI STANDPLATZ,,Taxi Engel 079 750 70 70,212,"47.2850232125, 7.70985469445",SBB,403
109,Delémont,Top Assurances,,autres services: école,109,"47.3620006555, 7.35005384248",CFF,404
126,Porrentruy,Magasin d'informatique,,Technoware,126,"47.420909698, 7.08007451034",CFF,405
212,Oensingen,KOPIERGERÄT,,Schalterhalle,212,"47.2850232125, 7.70985469445",SBB,406
202,Grenchen Süd,FOTOAUTOMAT,,,202,"47.1887666151, 7.39817426522",SBB,407
109,Delémont,Swisscom Shop,,,109,"47.3620006555, 7.35005384248",CFF,408
190,"Emibois, Les",RESTAURANT,,,190,"47.2323473003, 6.98531374061",CJ,409
117,Aesch,Café Bistretto,,,117,"47.4677359724, 7.60305476436",SBB,410
188,Bonfol,La poste,,,188,"47.4739779525, 7.15539491931",CJ,411
1670,Niederwald,SNACKBAR/BUFFET EXPRESS,10 - 17 Uhr,Wintersaison Dezember - März,1670,"46.4353351151, 8.19021556423",MGB-fo,412
1509,Sierre/Siders,Boulangerie,,Délifrance,1509,"46.2921149792, 7.53283036255",CFF,413
1605,Visp,Fotoautomat,7 x 24 Std,,1605,"46.2940248591, 7.88145816487",SBB,414
1509,Sierre/Siders,Office du Tourisme de Sierre,,,1509,"46.2921149792, 7.53283036255",CFF,415
1605,Visp,Bäckerei Zenhäusern,,,1605,"46.2940248591, 7.88145816487",SBB,416
1609,Brig,Bancomat Raiffeisen,,,1609,"46.3194210071, 7.98809158467",SBB,417
1605,Visp,Kkiosk Valora,,,1605,"46.2940248591, 7.88145816487",SBB,418
1601,Leuk,Leuk Tourismus,,,1601,"46.3118851335, 7.64394777254",SBB,419
1120,Lausanne,Aide en Gare,"lu-ve, 7h30-12h30/14h00-17h30Sa/di et jours fériés: fermé",www.aide-en-gare.ch,1120,"46.5167786487, 6.62909314109",CFF,420
1120,Lausanne,Parking Vinci,"7/7, 24/24",Avec offre Mobility,1120,"46.5167786487, 6.62909314109",CFF,421
1300,Montreux,ALIMENTATION,,"Kiosque-Café Montreux CFFAvenue des Alpes 72Gare CFF Case postale 10511820 Montreux,",1300,"46.4358743527, 6.91043275261",CFF,422
1120,Lausanne,Porteurs,,contact par client pour groupe et sur réservation,1120,"46.5167786487, 6.62909314109",CFF,423
1120,Lausanne,Coop Pronto,Lu-Di   06.00-24.00,,1120,"46.5167786487, 6.62909314109",CFF,424
1369,Rochers-de-Naye,RESTAURANT,,,1369,"46.4316757954, 6.97902613709",MVR-mtgn,425
1370,Glion,TOURISMUSBÜRO,,,1370,"46.4317751146, 6.92473234914",MVR-mtgn,426
1371,Caux,TOURISMUSBÜRO,,,1371,"46.4311352488, 6.93852944848",MVR-mtgn,427
1300,Montreux,PLACE DE TAXI,,,1300,"46.4358743527, 6.91043275261",CFF,428
1200,Vevey,Mam's Fine Food,,,1200,"46.4629974303, 6.84345000982",CFF,429
1026,Genève-Aéroport,Cordonnerie et clés,,Exploitant: Monsieur Sylejmani,1026,"46.2325293452, 6.11198571992",CFF,430
1008,Genève,AUTRES COMMERCES,,"Bijouterie, Magasin de disques",1008,"46.2102022669, 6.14245302875",CFF,431
1037,Morges,Croissanterie / Buffet Express,,Croco's café,1037,"46.5110918027, 6.49396427184",CFF,432
1023,Coppet,Auto-école,,Ecole de conduite BEMAC,1023,"46.3173801033, 6.18783276927",CFF,433
1008,Genève,SNACKBAR/BUFFET EXPRESS,,,1008,"46.2102022669, 6.14245302875",CFF,434
865,"St-Brais, poste",RESTAURANT,,,865,"47.3054103411, 7.11245739645",CJ Auto,435
1062,St-Cergue,TOURISMUSBÜRO,,,1062,"46.4485976182, 6.16037053791",NStCM,436
1030,Nyon,Buffet Express,,,1030,"46.3844060313, 6.23597429701",CFF,437
1031,Gland,Place de Taxi,,,1031,"46.419975355, 6.26913801937",CFF,438
1030,Nyon,PHOTOMATON,,,1030,"46.3844060313, 6.23597429701",CFF,439
22,Frenkendorf-Füllinsdorf,WARENAUTOMAT,,,22,"47.501457047, 7.71909156777",SBB,440
64,Therwil,BäCKEREI/CONFISERIE,,,64,"47.4993335495, 7.55716560548",BLT,441
23,Liestal,FOTOAUTOMAT,,,23,"47.4844551308, 7.73135468775",SBB,442
20,Muttenz,Fotoautomat,,,20,"47.5335803903, 7.64787914262",SBB,443
63,Oberwil BL,KIOSK,,,63,"47.5147558762, 7.55929727807",BLT,444
64,Therwil,COIFFEUR,,,64,"47.4993335495, 7.55716560548",BLT,445
23,Liestal,BANCOMAT,,,23,"47.4844551308, 7.73135468775",SBB,446
68,Flüh,KIOSK,,,68,"47.4890529439, 7.49915688969",BLT,447
30,Basel Euroairport,Wechselstube,Mo-So: 09.00 - 20.00,Abflug öffentlicher Bereich Schweiz und Frankreich,30,,,448
30,Basel Euroairport,Fotodrucker,,#NAME?,30,,,449
100,Tavannes,Automate à photos,,Disponible à la Gare,100,"47.2198385551, 7.20163489763",CFF,450
83,Lampenberg-Ramlinsburg,RESTAURANT,,,83,"47.4425085211, 7.76120603659",WB,451
90,Basel Bad Bf,ZOLL DEUTSCHLAND,,,90,"47.5681463635, 7.60728432529",SBB,452
87,Waldenburg,POLIZEI AM BAHNHOF,,,87,"47.3862834336, 7.74884124008",WB,453
70,Rodersdorf,RESTAURANT,,,70,"47.4809990776, 7.45905473894",BLT,454
105,Moutier,FOTOAUTOMAT,,,105,"47.2806661619, 7.38103944266",CFF,455
82,Bubendorf,RESTAURANT,,,82,"47.4595874391, 7.74153593521",WB,456
90,Basel Bad Bf,KIOSK,,,90,"47.5681463635, 7.60728432529",SBB,457
87,Waldenburg,Bankomat,,,87,"47.3862834336, 7.74884124008",WB,458
87,Waldenburg,KIOSK,,,87,"47.3862834336, 7.74884124008",WB,459
1506,Sion,DIE POST,,Car postal Valais Romand et Haut Léman,1506,"46.2275453615, 7.35919185191",CFF,460
1506,Sion,APERTO,,Ouvert chaque jour de 06h00 à 22h00,1506,"46.2275453615, 7.35919185191",CFF,461
1495,Villars-sur-Ollon,TAXI STANDPLATZ,,,1495,"46.2962535067, 7.05623802224",TPC-bvb,462
1495,Villars-sur-Ollon,DIE POST,,,1495,"46.2962535067, 7.05623802224",TPC-bvb,463
1506,Sion,Le Bistro de la Gare,,,1506,"46.2275453615, 7.35919185191",CFF,464
1394,Château-d'Oex,BAHNHOFHILFE,,,1394,"46.4746699982, 7.13141988446",MOB,465
1506,Sion,Pharmacie Sun Store,,,1506,"46.2275453615, 7.35919185191",CFF,466
1500,Martigny,FOTOAUTOMAT,,,1500,"46.1058273015, 7.07912247583",CFF,467
1506,Sion,PostFinance,,,1506,"46.2275453615, 7.35919185191",CFF,468
1500,Martigny,Relay,,,1500,"46.1058273015, 7.07912247583",CFF,469
1026,Genève-Aéroport,Migros,,,1026,"46.2325293452, 6.11198571992",CFF,470
1008,Genève,DOUANE FRANCAISE,,,1008,"46.2102022669, 6.14245302875",CFF,471
1008,Genève,POLICE EN GARE,,,1008,"46.2102022669, 6.14245302875",CFF,472
1001,"Plaine, La",DIE POST,,,1001,"46.1786594705, 5.99999627842",CFF,473
1698,Riederalp Mitte,BANK,,SBV Filiale Riederalp,1698,"46.377990382, 8.03321389312",ARBAG,474
1509,Sierre/Siders,APERTO,Lu-Di  06.00-22.00,,1509,"46.2921149792, 7.53283036255",CFF,475
1579,Le Châble,Kiosque et buffet Relay SA,,,1579,"46.0787435892, 7.21503927316",TMR-mo,476
1509,Sierre/Siders,Place de Taxi,,,1509,"46.2921149792, 7.53283036255",CFF,477
1601,Leuk,TAXI STANDPLATZ,,,1601,"46.3118851335, 7.64394777254",SBB,478
1506,Sion,Kiosque Naville,,,1506,"46.2275453615, 7.35919185191",CFF,479
1502,Saxon,Bancomat,,,1502,"46.149376272, 7.17343442478",CFF,480
1502,Saxon,Banque,,,1502,"46.149376272, 7.17343442478",CFF,481
1688,Täsch,TOURISMUSBÜRO,Mo-Sa 08:00 - 12:0013:30 - 18:00Sonntag geschlossen!,Haus Crystal 200m,1688,"46.0674587948, 7.77451598603",MGB-bvz,482
1688,Täsch,SPORTGESCHÄFT ALPINI-SPORT,Mo - Sa 08:00 - 12:00 / 14:00 - 18:30<br/>So 08:00 - 12:00 / 16:00 - 18:00<br/>,,1688,"46.0674587948, 7.77451598603",MGB-bvz,483
1656,Leukerbad,DIVERSES,,"Gemmibahnen 027/470 18 39, Torrentbahnen 027/472 81 10",1656,"46.3797876392, 7.62640947824",LLB,484
1688,Täsch,Parking-Genossenschaft Täsch,24 Stunden ganzjährig,,1688,"46.0674587948, 7.77451598603",MGB-bvz,485
1779,"St-Luc, office du tourisme",Office du Tourisme,Hiver<br/>,,1779,"46.2235565931, 7.59305699674",PAG,486
1675,Betten FO,SNACKBAR/BUFFET EXPRESS,,,1675,"46.3711611306, 8.07652033771",MGB-fo,487
1683,Stalden-Saas,BAHNHOFBUFFET,,,1683,"46.2319774852, 7.87076552269",MGB-bvz,488
1689,Zermatt,BAHNHOFBUFFET,,,1689,"46.0244720211, 7.74829647858",MGB-bvz,489
1694,Gornergrat,DIE POST,,,1694,"45.9833182978, 7.78220700825",GGB,490
1689,Zermatt,KIOSK,,,1689,"46.0244720211, 7.74829647858",MGB-bvz,491
1605,Visp,Coop Pronto,Mo-So  05.00-23.00,,1605,"46.2940248591, 7.88145816487",SBB,492
1656,Leukerbad,DIE POST,,Postomat,1656,"46.3797876392, 7.62640947824",LLB,493
1605,Visp,Eidgenössische Zollverwaltung,,,1605,"46.2940248591, 7.88145816487",SBB,494
1609,Brig,Brig Belalp Tourismusbüro,,,1609,"46.3194210071, 7.98809158467",SBB,495
1605,Visp,Matterhorn Gotthard Bahn,,,1605,"46.2940248591, 7.88145816487",SBB,496
1605,Visp,"PostAuto, Region Wallis",,,1605,"46.2940248591, 7.88145816487",SBB,497
1605,Visp,Bancomat Raiffeisen,,,1605,"46.2940248591, 7.88145816487",SBB,498
1605,Visp,Telefonkabine,,,1605,"46.2940248591, 7.88145816487",SBB,499
1609,Brig,Kkiosk Valora,,,1609,"46.3194210071, 7.98809158467",SBB,500
1604,Raron,RESTAURANT,,,1604,"46.3062732767, 7.80150766492",SBB,501
