Bahnhof;Abkürzung;Linie;Bhf-Kat;Treppenfrei;Niveaugleich;Kanton;Bhf-Eigner;Status;Total Bahnhöfe 747;Status;;;
Lausanne;LS;100;1;R und L;partiell;VD;SBB;2;;;;;
Pully;PU;100;3;R oder L;partiell;VD;SBB;2;;;;;
Lutry;LTY;100;4;nein;partiell;VD;SBB;4;;;;;
Villette VD;VTE;100;4;nein;nein;VD;SBB;6;;;;;
Cully;CU;100;4;nein;nein;VD;SBB;6;;;;;
Epesses;EPS;100;4;nein;nein;VD;SBB;6;;;;;
Rivaz;RIV;100;4;nein;integral;VD;SBB;3;;;;;
St-Saphorin;STSA;100;4;nein;nein;VD;SBB;6;;;;;
Vevey;VV;100;1;R oder L;partiell;VD;SBB;2;;;;;
Tour-de-Peilz, La;TOUR;100;3;Rampe;nein;VD;SBB;5;;;;;
Burier;BURI;100;4;Rampe;integral;VD;SBB;1;;;;;
Clarens;CL;100;3;Rampe;nein;VD;SBB;5;;;;;
Montreux;MX;100;2;Lift;integral;VD;SBB;1;;;;;
Territet;TER;100;4;nein;nein;VD;SBB;6;;;;;
Veytaux-Chillon;VEY;100;4;nein;nein;VD;SBB;6;;;;;
Villeneuve;VIL;100;3;nein;partiell;VD;SBB;4;;;;;
Roche VD;ROC;100;4;nein;nein;VD;SBB;6;;;;;
Aigle;AIG;100;3;Rampe;integral;VD;SBB;1;;;;;
Bex;BEX;100;3;nein;nein;VD;SBB;6;;;;;
St-Maurice;SM;100;3;Rampe;partiell;VS;SBB;2;;;;;
Evionnaz;EV;100;4;nein;integral;VS;SBB;3;;;;;
Vernayaz;VERN;100;4;Rampe;partiell;VS;SBB;2;;;;;
Martigny;MA;100;3;Rampe;partiell;VS;SBB;2;;;;;
Charrat-Fully;CHAR;100;4;Rampe;nein;VS;SBB;5;;;;;
Saxon;SAX;100;4;Rampe;integral;VS;SBB;1;;;;;
Riddes;RID;100;4;Rampe;integral;VS;SBB;1;;;;;
Chamoson;CHA;100;4;Rampe;nein;VS;SBB;5;;;;;
Ardon;ARD;100;4;à Niveau;integral;VS;SBB;1;;;;;
Châteauneuf-Conthey;CHF;100;4;Rampe;integral;VS;SBB;1;;;;;
Sion;SIO;100;2;R oder L;partiell;VS;SBB;2;;;;;
St-Léonard;SL;100;4;Rampe;integral;VS;SBB;1;;;;;
Sierre/Siders;SIE;100;3;Rampe;partiell;VS;SBB;2;;;;;
Salgesch;SAL;100;4;Rampe;integral;VS;SBB;1;;;;;
Leuk;LK;100;3;Rampe;integral;VS;SBB;1;;;;;
Turtmann;TUR;100;4;nein;nein;VS;SBB;6;;;;;
Gampel-Steg;GA;100;4;nein;nein;VS;SBB;6;;;;;
Raron;RAR;100;4;nein;nein;VS;SBB;6;;;;;
Visp;VI;100;2;Rampe;integral;VS;SBB;1;;;;;
Brig;BR;100;2;Rampe;integral;VS;SBB;1;;;;;
Vevey-Funi;VVFU;111;4;Rampe;integral;VD;SBB;1;;;;;
Corseaux-Cornalles;CORS;111;4;Rampe;integral;VD;SBB;1;;;;;
Chexbres-Village;CHX;111;4;Rampe;nein;VD;SBB;5;;;;;
Massongex;MAS;130;4;Rampe;integral;VS;SBB;1;;;;;
Monthey;MTH;130;3;Rampe;integral;VS;SBB;1;;;;;
Collombey;CBY;130;4;Rampe;integral;VS;SBB;1;;;;;
Vionnaz;VIO;130;4;Rampe;integral;VS;SBB;1;;;;;
Vouvry;VOU;130;4;Rampe;integral;VS;SBB;1;;;;;
Evouettes, Les;EVOU;130;4;Rampe;integral;VS;SBB;1;;;;;
Bouveret;BOU;130;4;R oder àN;integral;VS;SBB;1;;;;;
St-Gingolph (Suisse);STGI;130;4;Rampe;integral;VS;SBB;1;;;;;
Prilly-Malley;PRMA;150;4;Rampe;integral;VD;SBB;1;;;;;
Renens VD;REN;150;2;nein;nein;VD;SBB;6;;;;;
Denges-Echandens;DEN;150;4;Rampe;nein;VD;SBB;5;;;;;
Lonay-Préverenges;LON;150;4;Rampe;nein;VD;SBB;5;;;;;
Morges-St-Jean;STJ;150;4;Rampe;nein;VD;SBB;5;;;;;
Morges;MOR;150;2;Rampe;partiell;VD;SBB;2;;;;;
St-Prex;STP;150;4;nein;nein;VD;SBB;6;;;;;
Etoy;ETOY;150;4;Rampe;integral;VD;SBB;1;;;;;
Allaman;ALL;150;3;R oder àN;integral;VD;SBB;1;;;;;
Rolle;ROL;150;3;nein;nein;VD;SBB;6;;;;;
Gland;GLA;150;3;nein;partiell;VD;SBB;4;;;;;
Nyon;NY;150;2;Rampe;partiell;VD;SBB;2;;;;;
Coppet;COP;150;3;Rampe;integral;VD;SBB;1;;;;;
Tannay;TAN;150;4;nein;nein;VD;SBB;6;;;;;
Mies;MIES;150;4;nein;nein;VD;SBB;6;;;;;
Pont-Céard;PTC;150;3;Rampe;nein;GE;SBB;5;;;;;
Versoix;VSX;150;3;Rampe;partiell;GE;SBB;2;;;;;
Creux-de-Genthod;CRGD;150;4;nein;nein;GE;SBB;6;;;;;
Genthod-Bellevue;GDBE;150;4;Rampe;integral;GE;SBB;1;;;;;
Tuileries, Les;TUI;150;4;Rampe;nein;GE;SBB;5;;;;;
Chambésy;CHY;150;4;Rampe;integral;GE;SBB;1;;;;;
Genève-Sécheron;GESE;150;4;Lift;integral;GE;SBB;1;;;;;
Genève;GE;150;1;Rampe;partiell;GE;SBB;2;;;;;
Lancy-Pont-Rouge;LAPR;150;3;Rampe;nein;GE;SBB;5;;;;;
Vernier;COI;151;4;nein;nein;GE;SBB;6;;;;;
Meyrin;VM;151;4;nein;nein;GE;SBB;6;;;;;
Zimeysa;ZIM;151;4;nein;integral;GE;SBB;3;;;;;
Satigny;SY;151;3;nein;partiell;GE;SBB;4;;;;;
Russin;RUS;151;4;nein;partiell;GE;SBB;4;;;;;
Plaine, La;LP;151;4;nein;nein;GE;SBB;6;;;;;
Genève-Aéroport;GEAP;152;2;Lift;nein;GE;SBB;5;;;;;
Sarraz, La;LSA;200;4;nein;nein;VD;SBB;6;;;;;
Arnex;AX;200;4;nein;partiell;VD;SBB;4;;;;;
Croy-Romainmôtier;CR;200;4;nein;integral;VD;SBB;3;;;;;
Bretonnières;BRT;200;4;nein;nein;VD;SBB;6;;;;;
Day, Le;DAY;200;4;nein;partiell;VD;SBB;4;;;;;
Vallorbe;VAL;200;4;nein;nein;VD;SBB;6;;;;;
Pont, Le;PT;201;4;à Niveau;integral;VD;SBB;1;;;;;
Bussigny;BY;210;3;Rampe;integral;VD;SBB;1;;;;;
Vufflens-la-Ville;VU;210;4;nein;nein;VD;SBB;6;;;;;
Cossonay-Penthalaz;COS;210;3;nein;nein;VD;SBB;6;;;;;
Eclépens;ECL;210;4;Rampe;integral;VD;SBB;1;;;;;
Bavois;BAV;210;4;nein;partiell;VD;SBB;4;;;;;
Chavornay;CHV;210;3;nein;nein;VD;SBB;6;;;;;
Essert-Pittet;ESP;210;4;nein;integral;VD;SBB;3;;;;;
Ependes;EP;210;4;nein;nein;VD;SBB;6;;;;;
Yverdon-les-Bains;YV;210;2;Rampe;partiell;VD;SBB;2;;;;;
Grandson;GRS;210;4;nein;nein;VD;SBB;6;;;;;
Concise;CC;210;4;nein;integral;VD;SBB;3;;;;;
Vaumarcus;VAU;210;4;Rampe;integral;NE;SBB;1;;;;;
Gorgier-St-Aubin;GOR;210;4;nein;partiell;NE;SBB;4;;;;;
Bevaix;BV;210;4;nein;nein;NE;SBB;6;;;;;
Boudry;BDR;210;4;nein;nein;NE;SBB;6;;;;;
Colombier;CLB;210;4;nein;nein;NE;SBB;6;;;;;
Auvernier;AUV;210;4;nein;nein;NE;SBB;6;;;;;
Neuchâtel-Serrières;NESE;210;4;Rampe;partiell;NE;SBB;2;;;;;
Neuchâtel;NE;210;1;Rampe;partiell;NE;SBB;2;;;;;
St-Blaise CFF;SBL;210;4;nein;integral;NE;SBB;3;;;;;
Cornaux;CORN;210;4;nein;nein;NE;SBB;6;;;;;
Cressier NE;CRNE;210;4;nein;nein;NE;SBB;6;;;;;
Landeron, Le;LD;210;4;nein;nein;NE;SBB;6;;;;;
Neuveville, La;NV;210;3;à Niveau;integral;BE;SBB;1;;;;;
Ligerz;LIG;210;4;à Niveau;nein;BE;SBB;5;;;;;
Twann;TWN;210;4;Lift;nein;BE;SBB;5;;;;;
Tüscherz;TUE;210;4;nein;nein;BE;SBB;6;;;;;
Biel/Bienne;BI;210;1;Rampe;integral;BE;SBB;1;;;;;
Bôle;BOLE;221;4;à Niveau;integral;NE;SBB;1;;;;;
Champ-du-Moulin;CDM;221;4;à Niveau;nein;NE;SBB;5;;;;;
Noiraigue;NOI;221;4;à Niveau;nein;NE;SBB;5;;;;;
Travers;TR;221;4;à Niveau;partiell;NE;SBB;2;;;;;
Deurres, Les;DEU;223;4;à Niveau;nein;NE;SBB;5;;;;;
Corcelles-Peseux;CP;223;4;à Niveau;nein;NE;SBB;5;;;;;
Chambrelien;CHN;223;4;à Niveau;nein;NE;SBB;5;;;;;
Montmollin-Montezillon;MML;223;4;à Niveau;nein;NE;SBB;5;;;;;
Geneveys-sur-Coffrane, Les;GEC;223;4;à Niveau;nein;NE;SBB;5;;;;;
Hauts-Geneveys, Les;HGV;223;4;à Niveau;integral;NE;SBB;1;;;;;
Chaux-de-Fonds, La;CF;223;3;Rampe;integral;NE;SBB;1;;;;;
Crêt-du-Locle, Le;CRET;223;4;à Niveau;integral;NE;SBB;1;;;;;
Locle, Le;LOC;223;3;nein;nein;NE;SBB;6;;;;;
Locle-Col-des-Roches, Le;COL;223;4;nein;nein;NE;SBB;6;;;;;
Frinvillier-Taubenloch;FRIN;225;4;à Niveau;partiell;BE;SBB;2;;;;;
Reuchenette-Péry;REU;225;4;à Niveau;nein;BE;SBB;5;;;;;
Heutte, La;LHE;225;4;à Niveau;nein;BE;SBB;5;;;;;
Sonceboz-Sombeval;SCB;225;3;Rampe;nein;BE;SBB;5;;;;;
Corgémont;COG;225;4;à Niveau;integral;BE;SBB;1;;;;;
Cortébert;CO;225;4;à Niveau;integral;BE;SBB;1;;;;;
Courtelary;CTY;225;4;à Niveau;integral;BE;SBB;1;;;;;
Cormoret;CORM;225;4;à Niveau;nein;BE;SBB;5;;;;;
Villeret;VT;225;4;à Niveau;integral;BE;SBB;1;;;;;
St-Imier;STI;225;3;à Niveau;integral;BE;SBB;1;;;;;
Sonvilier;SV;225;4;à Niveau;integral;BE;SBB;1;;;;;
Renan BE;RE;225;4;à Niveau;nein;BE;SBB;5;;;;;
Tavannes;TA;226;3;à Niveau;nein;BE;SBB;5;;;;;
Reconvilier;REC;226;4;à Niveau;nein;BE;SBB;5;;;;;
Pontenet;PON;226;4;à Niveau;integral;BE;SBB;1;;;;;
Malleray-Bévilard;MB;226;4;à Niveau;nein;BE;SBB;5;;;;;
Sorvilier;SOR;226;4;à Niveau;nein;BE;SBB;5;;;;;
Court;CT;226;4;à Niveau;nein;BE;SBB;5;;;;;
Moutier;MOU;226;3;Rampe;nein;BE;SBB;5;;;;;
Basel St. Johann;BSSJ;230;4;Lift;integral;BS;SBB;1;;;;;
Basel St. Jakob;BSJA;230;4;Lift;integral;BS;SBB;1;;;;;
Basel SBB;BS;230;1;L oder àN;integral;BS;SBB;1;;;;;
Basel Dreispitz;BSDH;230;4;Lift;integral;BS;SBB;1;;;;;
Münchenstein;MST;230;4;Rampe;integral;BL;SBB;1;;;;;
Dornach-Arlesheim;DOR;230;3;Rampe;integral;SO;SBB;1;;;;;
Aesch;AE;230;3;Rampe;integral;BL;SBB;1;;;;;
Duggingen;DUG;230;4;à Niveau;integral;BL;SBB;1;;;;;
Grellingen;GREL;230;3;Rampe;integral;BL;SBB;1;;;;;
Zwingen;ZWG;230;3;Lift;integral;BL;SBB;1;;;;;
Laufen;LFN;230;3;R oder àN;partiell;BL;SBB;2;;;;;
Delémont;DMT;240;3;Rampe;integral;JU;SBB;1;;;;;
Courtételle;CTT;240;4;à Niveau;integral;JU;SBB;1;;;;;
Courfaivre;CFV;240;4;à Niveau;integral;JU;SBB;1;;;;;
Bassecourt;BSC;240;4;à Niveau;integral;JU;SBB;1;;;;;
Glovelier;GLO;240;4;Rampe;integral;JU;SBB;1;;;;;
St-Ursanne;SU;240;4;à Niveau;integral;JU;SBB;1;;;;;
Courgenay;CG;240;4;à Niveau;integral;JU;SBB;1;;;;;
Porrentruy;POR;240;3;R oder àN;integral;JU;SBB;1;;;;;
Courchavon;CCH;240;4;à Niveau;integral;JU;SBB;1;;;;;
Courtemaîche;CTM;240;4;à Niveau;nein;JU;SBB;5;;;;;
Grandgourt;GRA;240;4;à Niveau;nein;JU;SBB;5;;;;;
Buix;BX;240;4;à Niveau;integral;JU;SBB;1;;;;;
Boncourt;BCT;240;4;nein;partiell;JU;SBB;4;;;;;
Pully-Nord;PUN;250;4;Rampe;nein;VD;SBB;5;;;;;
Conversion, La;CVN;250;4;nein;nein;VD;SBB;6;;;;;
Bossière;BOSS;250;4;nein;nein;VD;SBB;6;;;;;
Grandvaux;GRV;250;4;nein;partiell;VD;SBB;4;;;;;
Puidoux-Chexbres;PUI;250;3;Rampe;integral;VD;SBB;1;;;;;
Moreillon;MRL;250;4;nein;nein;VD;SBB;6;;;;;
Palézieux;PAL;250;3;Rampe;partiell;VD;SBB;2;;;;;
Oron;OR;250;4;nein;nein;VD;SBB;6;;;;;
Vauderens;VD;250;4;Rampe;integral;FR;SBB;1;;;;;
Siviriez;SIV;250;4;à Niveau;integral;FR;SBB;1;;;;;
Romont;ROM;250;3;R oder àN;integral;FR;SBB;1;;;;;
Villaz-St-Pierre;VZ;250;4;nein;integral;FR;SBB;3;;;;;
Chénens;CHE;250;4;nein;nein;FR;SBB;6;;;;;
Cottens;COT;250;4;nein;nein;FR;SBB;6;;;;;
Neyruz;NEY;250;4;nein;nein;FR;SBB;6;;;;;
Rosé;ROS;250;4;nein;nein;FR;SBB;6;;;;;
Matran;MTR;250;4;nein;nein;FR;SBB;6;;;;;
Villars-sur-Glâne;VG;250;4;nein;nein;FR;SBB;6;;;;;
Fribourg;FRI;250;1;Rampe;partiell;FR;SBB;2;;;;;
Palézieux-Village;PALV;251;4;à Niveau;nein;VD;SBB;5;;;;;
Châtillens;CHAT;251;4;à Niveau;nein;VD;SBB;5;;;;;
Ecublens-Rue;ECU;251;4;à Niveau;nein;FR;SBB;5;;;;;
Bressonnaz;BZ;251;4;à Niveau;integral;VD;SBB;1;;;;;
Moudon;MD;251;4;à Niveau;nein;VD;SBB;5;;;;;
Lucens;LUC;251;4;à Niveau;nein;VD;SBB;5;;;;;
Henniez;HEN;251;4;à Niveau;nein;VD;SBB;5;;;;;
Granges-Marnand;GM;251;4;à Niveau;nein;VD;SBB;5;;;;;
Trey;TREY;251;4;à Niveau;nein;VD;SBB;5;;;;;
Payerne;PAY;251;3;Rampe;integral;VD;SBB;1;;;;;
Yverdon-Champ Pittet;CHP;252;4;à Niveau;nein;VD;SBB;5;;;;;
Yvonand;YND;252;4;à Niveau;nein;VD;SBB;5;;;;;
Cheyres;CHS;252;4;à Niveau;integral;FR;SBB;1;;;;;
Estavayer-le-Lac;EST;252;4;à Niveau;nein;FR;SBB;5;;;;;
Cugy FR;CGY;252;4;à Niveau;integral;FR;SBB;1;;;;;
Corcelles-Sud;CS;252;4;Rampe;nein;VD;SBB;5;;;;;
Cousset;COUS;252;4;à Niveau;integral;FR;SBB;1;;;;;
Léchelles;LECH;252;4;à Niveau;nein;FR;SBB;5;;;;;
Grolley;GRO;252;4;à Niveau;integral;FR;SBB;1;;;;;
Belfaux CFF;BF;252;4;à Niveau;integral;FR;SBB;1;;;;;
Kerzers Papiliorama;KZPP;291;4;à Niveau;integral;FR;SBB;1;;;;;
Fräschels;FRAE;291;4;à Niveau;integral;FR;SBB;1;;;;;
Kallnach;KAL;291;4;à Niveau;nein;BE;SBB;5;;;;;
Bargen;BRG;291;4;à Niveau;integral;BE;SBB;1;;;;;
Aarberg;ABE;291;4;à Niveau;nein;BE;SBB;5;;;;;
Lyss Grien;LYGR;291;4;à Niveau;integral;BE;SBB;1;;;;;
Dotzigen;DON;291;4;à Niveau;integral;BE;SBB;1;;;;;
Büren an der Aare;BUER;291;4;à Niveau;integral;BE;SBB;1;;;;;
Fribourg Poya;FRPO;301; ;Rampe;integral;FR;SBB;1;;;;;
Düdingen;DUED;301;3;Rampe;integral;FR;SBB;1;;;;;
Schmitten;SCMI;301;3;Rampe;partiell;FR;SBB;2;;;;;
Wünnewil;WUE;301;4;Rampe;integral;FR;SBB;1;;;;;
Flamatt;FLM;301;3;Rampe;partiell;FR;SBB;2;;;;;
Thörishaus Dorf;THOD;301;4;Rampe;integral;BE;SBB;1;;;;;
Thörishaus Station;THO;301;4;Rampe;integral;BE;SBB;1;;;;;
Oberwangen;OWA;301;4;nein;integral;BE;SBB;3;;;;;
Niederwangen;NWA;301;3;Rampe;integral;BE;SBB;1;;;;;
Bern Bümpliz Süd;BNBS;301;3;Rampe;integral;BE;SBB;1;;;;;
Bern Europaplatz;BNEP;301;4;Rampe;integral;BE;SBB;1;;;;;
Bern Wankdorf;BNWD;301;3;Lift;integral;BE;SBB;1;;;;;
Ostermundigen;OST;301;3;nein;nein;BE;SBB;6;;;;;
Gümligen;GUE;301;3;R oder L;integral;BE;SBB;1;;;;;
Rubigen;RUB;301;3;Rampe;nein;BE;SBB;5;;;;;
Münsingen;MS;301;3;Rampe;nein;BE;SBB;5;;;;;
Wichtrach;WCH;301;3;Rampe;integral;BE;SBB;1;;;;;
Kiesen;KI;301;4;Rampe;integral;BE;SBB;1;;;;;
Uttigen;UTI;301;4;nein;nein;BE;SBB;6;;;;;
Thun;TH;301;1;Rampe;partiell;BE;SBB;2;;;;;
Münchenbuchsee;MUEB;303;3;Rampe;partiell;BE;SBB;2;;;;;
Schüpfen;SCUE;303;4;Rampe;integral;BE;SBB;1;;;;;
Suberg-Grossaffoltern;SUB;303;4;à Niveau;integral;BE;SBB;1;;;;;
Lyss;LY;303;2;nein;partiell;BE;SBB;4;;;;;
Busswil;BUS;303;3;nein;partiell;BE;SBB;4;;;;;
Studen BE;STU;303;4;Lift;nein;BE;SBB;5;;;;;
Brügg BE;BGG;303;4;nein;nein;BE;SBB;6;;;;;
Corcelles-Nord;CN;305.2;4;à Niveau;nein;VD;SBB;5;;;;;
Dompierre;DOP;305.2;4;à Niveau;integral;FR;SBB;1;;;;;
Domdidier;DOM;305.2;4;à Niveau;nein;FR;SBB;5;;;;;
Avenches;AV;305.2;4;à Niveau;nein;VD;SBB;5;;;;;
Faoug;FG;305.2;4;à Niveau;nein;VD;SBB;5;;;;;
Murten;MRT;305.2;3;Rampe;integral;FR;SBB;1;;;;;
Muntelier-Löwenberg;LOEW;305.2;4;à Niveau;nein;FR;SBB;5;;;;;
Galmiz;GZ;305.2;4;à Niveau;integral;FR;SBB;1;;;;;
Olten;OL;410;1;R oder L;integral;SO;SBB;1;;;;;
Olten Hammer;OLH;410;4;Rampe;integral;SO;SBB;1;;;;;
Wangen bei Olten;WBOL;410;4;nein;nein;SO;SBB;6;;;;;
Hägendorf;HAE;410;3;nein;nein;SO;SBB;6;;;;;
Egerkingen;EG;410;4;nein;partiell;SO;SBB;4;;;;;
Oberbuchsiten;OB;410;4;nein;nein;SO;SBB;6;;;;;
Oensingen;OEN;410;3;Rampe;partiell;SO;SBB;2;;;;;
Niederbipp;NB;410;4;nein;nein;BE;SBB;6;;;;;
Wangen an der Aare;WAA;410;4;nein;partiell;BE;SBB;4;;;;;
Deitingen;DN;410;4;nein;nein;SO;SBB;6;;;;;
Luterbach-Attisholz;LUT;410;4;nein;nein;SO;SBB;6;;;;;
Solothurn;SO;410;2;R oder L;partiell;SO;SBB;2;;;;;
Solothurn West;SW;410;3;Rampe;nein;SO;SBB;5;;;;;
Solothurn Allmend;SOAD;410;4;Rampe;integral;SO;SBB;1;;;;;
Bellach;BELL;410;4;Rampe;integral;SO;SBB;1;;;;;
Selzach;SEL;410;4;Rampe;nein;SO;SBB;5;;;;;
Bettlach;BET;410;4;nein;nein;SO;SBB;6;;;;;
Grenchen Süd;GS;410;3;Rampe;integral;SO;SBB;1;;;;;
Lengnau;LEN;410;4;nein;nein;BE;SBB;6;;;;;
Pieterlen;PIE;410;4;Rampe;nein;BE;SBB;5;;;;;
Biel/Bienne Bözingenfeld/Champs-de-Boujean;BIBD;410;4;Rampe;integral;BE;SBB;1;;;;;
Biel Mett;BIM;410;4;Rampe;nein;BE;SBB;5;;;;;
Rothrist;RTR;450;4;Rampe;integral;AG;SBB;1;;;;;
Murgenthal;MGT;450;4;Rampe;nein;AG;SBB;5;;;;;
Roggwil-Wynau;ROG;450;4;Rampe;integral;BE;SBB;1;;;;;
Langenthal;LTH;450;2;Rampe;partiell;BE;SBB;2;;;;;
Herzogenbuchsee;HB;450;3;Rampe;nein;BE;SBB;5;;;;;
Wynigen;WY;450;4;Rampe;partiell;BE;SBB;2;;;;;
Burgdorf;BDF;450;2;Rampe;partiell;BE;SBB;2;;;;;
Lyssach;LYS;450;4;nein;integral;BE;SBB;3;;;;;
Hindelbank;HBK;450;4;nein;nein;BE;SBB;6;;;;;
Schönbühl SBB;SCHB;450;4;Rampe;integral;BE;SBB;1;;;;;
Zollikofen;ZOL;450;3;Rampe;integral;BE;SBB;1;;;;;
Bern;BN;450;1;Rampe;partiell;BE;SBB;2;;;;;
Worb SBB;WB;460;4;à Niveau;partiell;BE;SBB;2;;;;;
Tägertschi;TI;460;4;Rampe;integral;BE;SBB;1;;;;;
Konolfingen;KF;460;3;Rampe;nein;BE;SBB;5;;;;;
Zäziwil;ZAE;460;4;Rampe;integral;BE;SBB;1;;;;;
Bowil;BOW;460;4;à Niveau;nein;BE;SBB;5;;;;;
Signau;SIGN;460;4;Rampe;integral;BE;SBB;1;;;;;
Emmenmatt;EMM;460;4;à Niveau;partiell;BE;SBB;2;;;;;
Langnau;LN;460;3;Rampe;integral;BE;SBB;1;;;;;
Littau;LIT;460;4;à Niveau;nein;LU;SBB;5;;;;;
Malters;MAL;460;3;Rampe;integral;LU;SBB;1;;;;;
Schachen LU;SCHA;460;4;à Niveau;nein;LU;SBB;5;;;;;
Werthenstein;WST;460;4;à Niveau;nein;LU;SBB;5;;;;;
Wolhusen;WH;460;3;Rampe;integral;LU;SBB;1;;;;;
Entlebuch;ENT;460;4;à Niveau;partiell;LU;SBB;2;;;;;
Hasle LU;HAS;460;4;à Niveau;nein;LU;SBB;5;;;;;
Schüpfheim;SCHH;460;3;Rampe;integral;LU;SBB;1;;;;;
Escholzmatt;ESCH;460;4;à Niveau;nein;LU;SBB;5;;;;;
Trubschachen;TSCH;460;4;à Niveau;nein;BE;SBB;5;;;;;
Tecknau;TK;500;4;Rampe;integral;BL;SBB;1;;;;;
Gelterkinden;GKD;500;3;Rampe;integral;BL;SBB;1;;;;;
Sissach;SIS;500;3;Rampe;integral;BL;SBB;1;;;;;
Itingen;IT;500;4;Rampe;integral;BL;SBB;1;;;;;
Lausen;LSN;500;4;Rampe;integral;BL;SBB;1;;;;;
Liestal;LST;500;2;Rampe;integral;BL;SBB;1;;;;;
Frenkendorf-Füllinsdorf;FRE;500;3;Rampe;integral;BL;SBB;1;;;;;
Pratteln;PR;500;3;Rampe;partiell;BL;SBB;2;;;;;
Muttenz;MU;500;3;Rampe;integral;BL;SBB;1;;;;;
Trimbach;TRI;503;4;à Niveau;integral;SO;SBB;1;;;;;
Läufelfingen;LF;503;4;à Niveau;integral;BL;SBB;1;;;;;
Buckten;BUC;503;4;à Niveau;integral;BL;SBB;1;;;;;
Rümlingen;RLG;503;4;à Niveau;integral;BL;SBB;1;;;;;
Sommerau;SOM;503;4;à Niveau;integral;BL;SBB;1;;;;;
Diepflingen;DIE;503;4;à Niveau;integral;BL;SBB;1;;;;;
Luzern;LZ;510;1;à Niveau;integral;LU;SBB;1;;;;;
Emmenbrücke;EBR;510;3;Rampe;nein;LU;SBB;5;;;;;
Emmenbrücke Gersag;GSAG;510;3;Rampe;nein;LU;SBB;5;;;;;
Rothenburg Dorf;RBGD;510;4;Rampe;nein;LU;SBB;5;;;;;
Rothenburg;RBG;510;4;Rampe;nein;LU;SBB;5;;;;;
Sempach-Neuenkirch;SEM;510;3;Rampe;nein;LU;SBB;5;;;;;
Nottwil;NO;510;4;Lift;integral;LU;SBB;1;;;;;
Oberkirch;OBK;510;4;Rampe;nein;LU;SBB;5;;;;;
Sursee;SS;510;2;Rampe;integral;LU;SBB;1;;;;;
St. Erhard-Knutwil;STER;510;4;nein;nein;LU;SBB;6;;;;;
Wauwil;WAU;510;4;Rampe;nein;LU;SBB;5;;;;;
Nebikon;NEB;510;3;Rampe;nein;LU;SBB;5;;;;;
Dagmersellen;DAG;510;4;Rampe;nein;LU;SBB;5;;;;;
Reiden;REID;510;3;Rampe;nein;LU;SBB;5;;;;;
Brittnau-Wikon;BRIT;510;4;Rampe;nein;AG;SBB;5;;;;;
Zofingen;ZF;510;2;R oder L;nein;AG;SBB;5;;;;;
Aarburg-Oftringen;ABO;510;3;Rampe;nein;AG;SBB;5;;;;;
Hunzenschwil;HU;514;4;à Niveau;nein;AG;SBB;5;;;;;
Suhr;SUHR;514;3;Rampe;integral;AG;SBB;1;;;;;
Oberentfelden;OEF;514;4;à Niveau;nein;AG;SBB;5;;;;;
Kölliken;KK;514;4;à Niveau;nein;AG;SBB;5;;;;;
Kölliken Oberdorf;KKO;514;4;à Niveau;nein;AG;SBB;5;;;;;
Safenwil;SAF;514;4;à Niveau;nein;AG;SBB;5;;;;;
Walterswil-Striegel;WAST;514;4;à Niveau;nein;AG;SBB;5;;;;;
Küngoldingen;KGD;514;4;à Niveau;nein;AG;SBB;5;;;;;
Luzern Verkehrshaus;LZVH;600;4;Rampe;integral;LU;SBB;1;;;;;
Meggen Zentrum;MEGZ;600;4;à Niveau;integral;LU;SBB;1;;;;;
Meggen;MEG;600;4;à Niveau;nein;LU;SBB;5;;;;;
Merlischachen;MERL;600;4;à Niveau;nein;SZ;SBB;5;;;;;
Küssnacht am Rigi;KUE;600;3;R und L;integral;SZ;SBB;1;;;;;
Immensee;IM;600;4;nein;nein;SZ;SBB;6;;;;;
Zug Postplatz;ZGPP;600;4;à Niveau;integral;ZG;SBB;1;;;;;
Zug Casino;ZGCA;600;4;à Niveau;integral;ZG;SBB;1;;;;;
Zug Fridbach;ZGFR;600;4;à Niveau;integral;ZG;SBB;1;;;;;
Zug Oberwil;ZGO;600;4;à Niveau;partiell;ZG;SBB;2;;;;;
Walchwil Hörndli;WCHO;600;4;à Niveau;integral;ZG;SBB;1;;;;;
Walchwil;WCHW;600;4;Lift;integral;ZG;SBB;1;;;;;
Arth-Goldau;GD;600;2;Rampe;nein;SZ;SBB;5;;;;;
Steinen;STN;600;4;nein;nein;SZ;SBB;6;;;;;
Schwyz;SCHW;600;3;Rampe;nein;SZ;SBB;5;;;;;
Brunnen;BRU;600;3;Rampe;nein;SZ;SBB;5;;;;;
Sisikon;SK;600;4;nein;nein;UR;SBB;6;;;;;
Flüelen;FL;600;3;Rampe;partiell;UR;SBB;2;;;;;
Altdorf;AL;600;4;Rampe;integral;UR;SBB;1;;;;;
Erstfeld;ER;600;4;R oder L;partiell;UR;SBB;2;;;;;
Göschenen;GOE;600;3;nein;nein;UR;SBB;6;;;;;
Airolo;AI;600;4;nein;nein;TI;SBB;6;;;;;
Ambri-Piotta;AP;600;4;nein;nein;TI;SBB;6;;;;;
Faido;FA;600;4;nein;nein;TI;SBB;6;;;;;
Lavorgo;LAV;600;4;nein;nein;TI;SBB;6;;;;;
Bodio;BO;600;4;à Niveau;nein;TI;SBB;5;;;;;
Biasca;BIA;600;3;Rampe;nein;TI;SBB;5;;;;;
Castione-Arbedo;CAST;600;4;Rampe;integral;TI;SBB;1;;;;;
Bellinzona;BEL;600;2;nein;partiell;TI;SBB;4;;;;;
Giubiasco;GIU;600;3;Rampe;nein;TI;SBB;5;;;;;
Rivera-Bironico;RIB;600;4;nein;nein;TI;SBB;6;;;;;
Mezzovico;MEZ;600;4;nein;nein;TI;SBB;6;;;;;
Taverne-Torricella;TAV;600;4;nein;nein;TI;SBB;6;;;;;
Lamone-Cadempino;LAM;600;3;Rampe;integral;TI;SBB;1;;;;;
Lugano;LG;600;2;nein;partiell;TI;SBB;4;;;;;
Lugano-Paradiso;LGP;600;4;nein;nein;TI;SBB;6;;;;;
Melide;MDE;600;4;nein;nein;TI;SBB;6;;;;;
Maroggia-Melano;MAR;600;4;nein;nein;TI;SBB;6;;;;;
Capolago-Riva S. Vitale;CAP;600;4;Rampe;integral;TI;SBB;1;;;;;
Mendrisio S. Martino;MOSM;600;4;Rampe;integral;TI;SBB;1;;;;;
Mendrisio;MEN;600;3;Rampe;partiell;TI;SBB;2;;;;;
Balerna;BAL;600;4;nein;nein;TI;SBB;6;;;;;
Chiasso;CHI;600;3;R o L o àN;nein;TI;SBB;5;;;;;
Stabio;STAF;630;4;Rampe;integral;TI;SBB;1;;;;;
S. Antonino;SAN;632;4;Rampe;nein;TI;SBB;5;;;;;
Cadenazzo;CD;632;3;Rampe;partiell;TI;SBB;2;;;;;
Riazzino;RIAZ;632;4;Rampe;integral;TI;SBB;1;;;;;
Gordola;GDA;632;4;à Niveau;integral;TI;SBB;1;;;;;
Tenero;TEN;632;4;Rampe;integral;TI;SBB;1;;;;;
Locarno;LO;632;3;à Niveau;integral;TI;SBB;1;;;;;
Quartino;QUA;633;4;à Niveau;nein;TI;SBB;5;;;;;
Magadino-Vira;MAG;633;4;à Niveau;nein;TI;SBB;5;;;;;
S. Nazzaro;SN;633;4;à Niveau;nein;TI;SBB;5;;;;;
Gerra (Gambarogno);GER;633;4;à Niveau;nein;TI;SBB;5;;;;;
Ranzo-S. Abbondio;RZO;633;4;à Niveau;nein;TI;SBB;5;;;;;
Dulliken;DU;650;4;nein;partiell;SO;SBB;4;;;;;
Däniken;DK;650;4;nein;partiell;SO;SBB;4;;;;;
Schönenwerd SO;SCOE;650;3;nein;partiell;SO;SBB;4;;;;;
Aarau;AA;650;1;Rampe;integral;AG;SBB;1;;;;;
Rupperswil;RU;650;3;Rampe;nein;AG;SBB;5;;;;;
Wildegg;WI;650;4;nein;nein;AG;SBB;6;;;;;
Holderbank AG;HOBK;650;4;Rampe;nein;AG;SBB;5;;;;;
Schinznach Bad;SBAD;650;4;à Niveau;nein;AG;SBB;5;;;;;
Mägenwil;MAEG;650.1;4;nein;nein;AG;SBB;6;;;;;
Mellingen Heitersberg;MELH;650.1;3;Rampe;integral;AG;SBB;1;;;;;
Waldibrücke;WAB;651;4;à Niveau;integral;LU;SBB;1;;;;;
Eschenbach;ESB;651;4;à Niveau;integral;LU;SBB;1;;;;;
Ballwil;BLL;651;4;à Niveau;integral;LU;SBB;1;;;;;
Hochdorf Schönau;HOSA;651;4;à Niveau;integral;LU;SBB;1;;;;;
Hochdorf;HO;651;3;à Niveau;integral;LU;SBB;1;;;;;
Baldegg Kloster;BLGK;651;4;à Niveau;integral;LU;SBB;1;;;;;
Baldegg;BLG;651;4;à Niveau;integral;LU;SBB;1;;;;;
Gelfingen;GELF;651;4;à Niveau;integral;LU;SBB;1;;;;;
Hitzkirch;HIK;651;4;à Niveau;integral;LU;SBB;1;;;;;
Ermensee;ESEE;651;4;à Niveau;integral;LU;SBB;1;;;;;
Mosen;MO;651;4;à Niveau;integral;LU;SBB;1;;;;;
Beinwil am See;BW;651;4;à Niveau;integral;AG;SBB;1;;;;;
Birrwil;BWL;651;4;à Niveau;integral;AG;SBB;1;;;;;
Boniswil;BONI;651;4;à Niveau;integral;AG;SBB;1;;;;;
Hallwil;HD;651;4;à Niveau;integral;AG;SBB;1;;;;;
Seon;SE;651;4;à Niveau;integral;AG;SBB;1;;;;;
Lupfig;LUPF;652;4;Rampe;integral;AG;SBB;1;;;;;
Birr;BIRR;652;4;Rampe;integral;AG;SBB;1;;;;;
Lenzburg;LB;653;1;R oder àN;partiell;AG;SBB;2;;;;;
Othmarsingen;OTH;653;4;nein;partiell;AG;SBB;4;;;;;
Hendschiken;HDK;653;4;nein;integral;AG;SBB;3;;;;;
Dottikon-Dintikon;DOT;653;4;Rampe;integral;AG;SBB;1;;;;;
Wohlen;WO;653;3;R oder àN;partiell;AG;SBB;2;;;;;
Boswil-Bünzen;BOS;653;4;nein;nein;AG;SBB;6;;;;;
Muri AG;MI;653;3;Rampe;integral;AG;SBB;1;;;;;
Benzenschwil;BNZ;653;4;nein;partiell;AG;SBB;4;;;;;
Mühlau;MUEH;653;4;nein;nein;AG;SBB;6;;;;;
Sins;SINS;653;4;Rampe;integral;AG;SBB;1;;;;;
Oberrüti;OI;653;4;nein;nein;AG;SBB;6;;;;;
Ebikon;EBI;660;4;Rampe;integral;LU;SBB;1;;;;;
Buchrain;BURN;660;4;Rampe;integral;LU;SBB;1;;;;;
Root D4;LBD;660;4;Lift;integral;LU;SBB;1;;;;;
Gisikon-Root;GSK;660;4;Rampe;integral;LU;SBB;1;;;;;
Rotkreuz;RK;660;2;R oder L;partiell;ZG;SBB;2;;;;;
Hünenberg Chämleten;HUCH;660;4;Rampe;integral;ZG;SBB;1;;;;;
Hünenberg Zythus;HUZY;660;4;Rampe;integral;ZG;SBB;1;;;;;
Cham;CHAM;660;3;Rampe;integral;ZG;SBB;1;;;;;
Cham Alpenblick;CHAA;660;3;Rampe;integral;ZG;SBB;1;;;;;
Zug Chollermüli;KMUE;660;4;Rampe;integral;ZG;SBB;1;;;;;
Zug Schutzengel;ZGSE;660;4;Rampe;integral;ZG;SBB;1;;;;;
Zug;ZG;660;1;Lift;partiell;ZG;SBB;2;;;;;
Baar Lindenpark;BAAL;660;4;Rampe;integral;ZG;SBB;1;;;;;
Baar Neufeld;BAAN;660;4;Rampe;integral;ZG;SBB;1;;;;;
Baar;BAA;660;3;Rampe;integral;ZG;SBB;1;;;;;
Pratteln Salina Raurica;PRSR;700;4;Rampe;integral;BL;SBB;1;;;;;
Kaiseraugst;KAU;700;3;Lift;integral;AG;SBB;1;;;;;
Rheinfelden Augarten;RFAU;700;4;Rampe;integral;AG;SBB;1;;;;;
Rheinfelden;RF;700;3;Rampe;integral;AG;SBB;1;;;;;
Möhlin;MOE;700;3;Rampe;integral;AG;SBB;1;;;;;
Mumpf;MPF;700;4;Rampe;integral;AG;SBB;1;;;;;
Stein-Säckingen;STS;700;3;Rampe;integral;AG;SBB;1;;;;;
Laufenburg;LFG;700;4;à Niveau;integral;AG;SBB;1;;;;;
Eiken;EI;700;4;nein;partiell;AG;SBB;4;;;;;
Frick;FCK;700;3;Rampe;integral;AG;SBB;1;;;;;
Siggenthal-Würenlingen;SIG;701;3;à Niveau;nein;AG;SBB;5;;;;;
Döttingen;DOE;701;3;Rampe;integral;AG;SBB;1;;;;;
Klingnau;KLI;701;4;Rampe;integral;AG;SBB;1;;;;;
Koblenz;KB;701;3;Rampe;integral;AG;SBB;1;;;;;
Koblenz Dorf;KBD;701;4;à Niveau;nein;AG;SBB;5;;;;;
Rietheim;RIET;701;4;à Niveau;nein;AG;SBB;5;;;;;
Bad Zurzach;ZZ;701;3;Rampe;integral;AG;SBB;1;;;;;
Zürich Seebach;ZSEB;703;4;Rampe;integral;ZH;SBB;1;;;;;
Zürich Affoltern;ZAF;703;3;Rampe;integral;ZH;SBB;1;;;;;
Regensdorf-Watt;REG;703;3;Rampe;integral;ZH;SBB;1;;;;;
Buchs-Dällikon;BUD;703;3;à Niveau;integral;ZH;SBB;1;;;;;
Otelfingen Golfpark;OFR;703;4;à Niveau;nein;ZH;SBB;5;;;;;
Otelfingen;OF;703;4;Rampe;integral;ZH;SBB;1;;;;;
Würenlos;WUER;703;4;Rampe;integral;AG;SBB;1;;;;;
Zürich HB;ZUE;710;1;à Niveau;integral;ZH;SBB;1;;;;;
Zürich Hardbrücke;ZHDB;710;1;Lift;partiell;ZH;SBB;2;;;;;
Zürich Altstetten;ZAS;710;1;Rampe;partiell;ZH;SBB;2;;;;;
Schlieren;SCHL;710;2;Rampe;integral;ZH;SBB;1;;;;;
Glanzenberg;GLZB;710;3;Rampe;integral;ZH;SBB;1;;;;;
Dietikon;DT;710;1;Rampe;integral;ZH;SBB;1;;;;;
Killwangen-Spreitenbach;KLW;710;3;nein;partiell;AG;SBB;4;;;;;
Neuenhof;NHOF;710;3;Rampe;integral;AG;SBB;1;;;;;
Wettingen;WE;710;3;R oder L;partiell;AG;SBB;2;;;;;
Baden;BD;710;1;Rampe;nein;AG;SBB;5;;;;;
Turgi;TG;710;3;Rampe;integral;AG;SBB;1;;;;;
Brugg AG;BG;710;1;Lift;integral;AG;SBB;1;;;;;
Urdorf;URD;711;3;Rampe;integral;ZH;SBB;1;;;;;
Urdorf Weihermatt;URDW;711;3;Rampe;integral;ZH;SBB;1;;;;;
Birmensdorf ZH;BIR;711;3;Rampe;integral;ZH;SBB;1;;;;;
Bonstetten-Wettswil;BON;711;3;Rampe;integral;ZH;SBB;1;;;;;
Hedingen;HED;711;3;Rampe;integral;ZH;SBB;1;;;;;
Affoltern am Albis;AF;711;3;Rampe;integral;ZH;SBB;1;;;;;
Mettmenstetten;MTM;711;3;à Niveau;partiell;ZH;SBB;2;;;;;
Knonau;KNO;711;4;Rampe;partiell;ZH;SBB;2;;;;;
Steinhausen;STE;711;3;Rampe;integral;ZG;SBB;1;;;;;
Steinhausen Rigiblick;STRI;711;4;Rampe;integral;ZG;SBB;1;;;;;
Zürich Wiedikon;ZWIE;720;3;Lift;integral;ZH;SBB;1;;;;;
Zürich Enge;ZEN;720;2;Lift;integral;ZH;SBB;1;;;;;
Zürich Wollishofen;ZWOL;720;3;nein;partiell;ZH;SBB;4;;;;;
Kilchberg;KIL;720;3;nein;integral;ZH;SBB;3;;;;;
Rüschlikon;RUES;720;3;nein;partiell;ZH;SBB;4;;;;;
Thalwil;TW;720;1;Lift;integral;ZH;SBB;1;;;;;
Oberrieden Dorf;ORDD;720;3;nein;integral;ZH;SBB;3;;;;;
Horgen Oberdorf;HGO;720;3;nein;nein;ZH;SBB;6;;;;;
Oberrieden;ORD;720;4;Rampe;integral;ZH;SBB;1;;;;;
Horgen;HG;720;3;Rampe;integral;ZH;SBB;1;;;;;
Au ZH;AU;720;4;Lift;integral;ZH;SBB;1;;;;;
Wädenswil;WAE;720;2;Lift;partiell;ZH;SBB;2;;;;;
Richterswil;RI;720;3;Rampe;integral;ZH;SBB;1;;;;;
Bäch;BAE;720;4;Rampe;nein;SZ;SBB;5;;;;;
Freienbach SBB;FRB;720;4;Rampe;integral;SZ;SBB;1;;;;;
Pfäffikon SZ;PF;720;2;Rampe;integral;SZ;SBB;1;;;;;
Altendorf;ALTD;720;4;Rampe;nein;SZ;SBB;5;;;;;
Lachen;LA;720;3;Rampe;integral;SZ;SBB;1;;;;;
Siebnen-Wangen;SIB;720;3;nein;nein;SZ;SBB;6;;;;;
Schübelbach-Buttikon;SCBU;720;4;nein;nein;SZ;SBB;6;;;;;
Reichenburg;RG;720;4;nein;nein;SZ;SBB;6;;;;;
Bilten;BIL;720;4;nein;nein;GL;SBB;6;;;;;
Zürich Stadelhofen;ZSTH;730;1;Rampe;integral;ZH;SBB;1;;;;;
Zürich Tiefenbrunnen;ZTB;730;3;Rampe;integral;ZH;SBB;1;;;;;
Zollikon;ZK;730;4;Rampe;integral;ZH;SBB;1;;;;;
Küsnacht Goldbach;KGO;730;3;Rampe;integral;ZH;SBB;1;;;;;
Küsnacht ZH;KUES;730;3;Rampe;integral;ZH;SBB;1;;;;;
Erlenbach ZH;ERLB;730;3;Rampe;integral;ZH;SBB;1;;;;;
Winkel am Zürichsee;WIN;730;4;Rampe;integral;ZH;SBB;1;;;;;
Herrliberg-Feldmeilen;HERL;730;3;Rampe;integral;ZH;SBB;1;;;;;
Meilen;ML;730;3;Rampe;integral;ZH;SBB;1;;;;;
Uetikon;UET;730;3;Rampe;integral;ZH;SBB;1;;;;;
Männedorf;MAEN;730;3;à Niveau;integral;ZH;SBB;1;;;;;
Stäfa;STAE;730;3;Rampe;integral;ZH;SBB;1;;;;;
Uerikon;UER;730;3;Rampe;integral;ZH;SBB;1;;;;;
Feldbach;FB;730;4;Rampe;integral;ZH;SBB;1;;;;;
Kempraten;KPT;730;4;à Niveau;nein;SG;SBB;5;;;;;
Rapperswil;RW;730;1;Rampe;partiell;SG;SBB;2;;;;;
Blumenau;BLU;735;4;à Niveau;nein;SG;SBB;5;;;;;
Schmerikon;SCME;735;4;Rampe;integral;SG;SBB;1;;;;;
Uznach;UZ;735;3;Rampe;integral;SG;SBB;1;;;;;
Benken;BNK;735;4;à Niveau;nein;SG;SBB;5;;;;;
Schänis;SCAE;735;4;à Niveau;nein;SG;SBB;5;;;;;
Nieder- und Oberurnen;NOU;736;4;à Niveau;nein;GL;SBB;5;;;;;
Näfels-Mollis;NAEF;736;3;à Niveau;integral;GL;SBB;1;;;;;
Netstal;NET;736;4;à Niveau;integral;GL;SBB;1;;;;;
Glarus;GL;736;3;à Niveau;nein;GL;SBB;5;;;;;
Ennenda;EDA;736;4;à Niveau;nein;GL;SBB;5;;;;;
Mitlödi;MIT;736;4;à Niveau;nein;GL;SBB;5;;;;;
Schwanden;SCHD;736;4;R und L;integral;GL;SBB;1;;;;;
Nidfurn-Haslen;NID;736;4;à Niveau;nein;GL;SBB;5;;;;;
Leuggelbach;LGB;736;4;à Niveau;partiell;GL;SBB;2;;;;;
Luchsingen-Hätzingen;LU;736;4;à Niveau;nein;GL;SBB;5;;;;;
Diesbach-Betschwanden;DSB;736;4;à Niveau;nein;GL;SBB;5;;;;;
Rüti GL;RUET;736;4;à Niveau;nein;GL;SBB;5;;;;;
Linthal Braunwaldbahn;LINB;736;4;à Niveau;nein;GL;SBB;5;;;;;
Linthal;LIN;736;4;à Niveau;partiell;GL;SBB;2;;;;;
Stettbach;STET;740;1;Rampe;integral;ZH;SBB;1;;;;;
Zürich Wipkingen;ZWIP;740;3;nein;nein;ZH;SBB;6;;;;;
Zürich Oerlikon;ZOER;740;1;Rampe;integral;ZH;SBB;1;;;;;
Wallisellen;WS;740;2;Rampe;integral;ZH;SBB;1;;;;;
Dübendorf;DUE;740;3;Rampe;nein;ZH;SBB;5;;;;;
Schwerzenbach ZH;SCWE;740;2;Rampe;nein;ZH;SBB;5;;;;;
Nänikon-Greifensee;NAEN;740;3;Rampe;integral;ZH;SBB;1;;;;;
Uster;UST;740;1;Rampe;nein;ZH;SBB;5;;;;;
Aathal;AAT;740;4;Rampe;integral;ZH;SBB;1;;;;;
Wetzikon;WZ;740;1;Rampe;nein;ZH;SBB;5;;;;;
Hinwil;HI;740;3;Rampe;integral;ZH;SBB;1;;;;;
Bubikon;BUB;740;3;Rampe;integral;ZH;SBB;1;;;;;
Rüti ZH;RUE;740;2;Rampe;integral;ZH;SBB;1;;;;;
Jona;JO;740;3;Rampe;integral;SG;SBB;1;;;;;
Zürich Flughafen;ZFH;750;1;Rampe;integral;ZH;SBB;1;;;;;
Opfikon;OP;750;3;Lift;partiell;ZH;SBB;2;;;;;
Kloten Balsberg;KLB;750;3;Rampe;integral;ZH;SBB;1;;;;;
Kloten;KL;750;3;Rampe;integral;ZH;SBB;1;;;;;
Bassersdorf;BSD;750;3;Rampe;partiell;ZH;SBB;2;;;;;
Effretikon;EF;750;2;Rampe;partiell;ZH;SBB;2;;;;;
Kemptthal;KE;750;4;nein;integral;ZH;SBB;3;;;;;
Dietlikon;DTL;750;3;Rampe;integral;ZH;SBB;1;;;;;
Illnau;IL;753;3;Rampe;partiell;ZH;SBB;2;;;;;
Fehraltorf;FET;753;3;Rampe;integral;ZH;SBB;1;;;;;
Pfäffikon ZH;PFZ;753;3;R oder àN;integral;ZH;SBB;1;;;;;
Kempten;KN;753;3;à Niveau;integral;ZH;SBB;1;;;;;
Winterthur Seen;WSEE;754;3;Rampe;integral;ZH;SBB;1;;;;;
Sennhof-Kyburg;SKY;754;4;à Niveau;partiell;ZH;SBB;2;;;;;
Kollbrunn;KOL;754;4;à Niveau;integral;ZH;SBB;1;;;;;
Rikon;RN;754;4;à Niveau;integral;ZH;SBB;1;;;;;
Rämismühle-Zell;RMZ;754;4;à Niveau;integral;ZH;SBB;1;;;;;
Turbenthal;TU;754;4;à Niveau;integral;ZH;SBB;1;;;;;
Wila;WILA;754;4;Rampe;integral;ZH;SBB;1;;;;;
Saland;SD;754;4;à Niveau;partiell;ZH;SBB;2;;;;;
Bauma;BMA;754;4;à Niveau;integral;ZH;SBB;1;;;;;
Steg;STG;754;4;à Niveau;partiell;ZH;SBB;2;;;;;
Fischenthal;FI;754;4;à Niveau;nein;ZH;SBB;5;;;;;
Gibswil;GIB;754;4;à Niveau;partiell;ZH;SBB;2;;;;;
Wald;WL;754;4;à Niveau;partiell;ZH;SBB;2;;;;;
Tann-Dürnten;TD;754;4;à Niveau;integral;ZH;SBB;1;;;;;
Glattbrugg;GLB;760;3;Rampe;partiell;ZH;SBB;2;;;;;
Rümlang;RUEM;760;3;Rampe;nein;ZH;SBB;5;;;;;
Oberglatt;OGL;760;3;Rampe;nein;ZH;SBB;5;;;;;
Niederglatt;NG;760;4;Rampe;nein;ZH;SBB;5;;;;;
Bülach;BUE;760;2;Rampe;partiell;ZH;SBB;2;;;;;
Glattfelden;GF;760;4;Rampe;nein;ZH;SBB;5;;;;;
Eglisau;EGL;760;3;Rampe;partiell;ZH;SBB;2;;;;;
Hüntwangen-Wil;HUEW;760;4;Rampe;integral;ZH;SBB;1;;;;;
Rafz;RZ;760;3;Rampe;partiell;ZH;SBB;2;;;;;
Lottstetten;LOT;760;4;à Niveau;integral;D;SBB;1;;;;;
Jestetten;JE;760;4;Rampe;integral;D;SBB;1;;;;;
Neuhausen;NH;760;3;Lift;integral;SH;SBB;1;;;;;
Schaffhausen;SH;760;2;R oder L;partiell;SH;SBB;2;;;;;
Niederhasli;NIE;760;3;à Niveau;nein;ZH;SBB;5;;;;;
Dielsdorf;DI;760;3;Rampe;integral;ZH;SBB;1;;;;;
Steinmaur;STMR;760;4;à Niveau;nein;ZH;SBB;5;;;;;
Schöfflisdorf-Oberweningen;SCHO;760;4;à Niveau;integral;ZH;SBB;1;;;;;
Niederweningen Dorf;NWD;760;4;à Niveau;partiell;ZH;SBB;2;;;;;
Niederweningen;NW;760;4;à Niveau;nein;ZH;SBB;5;;;;;
Rekingen AG;REK;761;4;nein;nein;AG;SBB;6;;;;;
Mellikon;MELN;761;4;à Niveau;nein;AG;SBB;5;;;;;
Rümikon AG;RUEN;761;4;à Niveau;nein;AG;SBB;5;;;;;
Kaiserstuhl AG;KAAG;761;4;à Niveau;nein;AG;SBB;5;;;;;
Zweidlen;ZWD;761;4;à Niveau;nein;ZH;SBB;5;;;;;
Embrach-Rorbas;EMB;761;3;à Niveau;nein;ZH;SBB;5;;;;;
Pfungen;PFU;761;4;à Niveau;nein;ZH;SBB;5;;;;;
Winterthur Wülflingen;WWUE;761;4;à Niveau;nein;ZH;SBB;5;;;;;
Winterthur Töss;WTOE;761;4;à Niveau;nein;ZH;SBB;5;;;;;
Hettlingen;HET;762;4;Rampe;integral;ZH;SBB;1;;;;;
Henggart;HGT;762;3;Rampe;integral;ZH;SBB;1;;;;;
Andelfingen;AN;762;3;Rampe;integral;ZH;SBB;1;;;;;
Marthalen;MTL;762;3;Rampe;integral;ZH;SBB;1;;;;;
Dachsen;DA;762;4;Rampe;integral;ZH;SBB;1;;;;;
Schloss Laufen am Rheinfall;SLF;762;4;nein;nein;ZH;SBB;6;;;;;
Feuerthalen;FT;820;4;à Niveau;nein;ZH;SBB;5;;;;;
Langwiesen;LAN;820;4;à Niveau;integral;ZH;SBB;1;;;;;
Schlatt;SCHT;820;4;à Niveau;nein;TG;SBB;5;;;;;
St. Katharinental;STKT;820;4;à Niveau;integral;TG;SBB;1;;;;;
Diessenhofen;DSH;820;4;à Niveau;nein;TG;SBB;5;;;;;
Schlattingen;SCHN;820;4;à Niveau;integral;TG;SBB;1;;;;;
Etzwilen;EW;820;4;à Niveau;nein;TG;SBB;5;;;;;
Stein am Rhein;STR;820;3;nein;integral;SH;SBB;3;;;;;
Eschenz;EZ;820;4;à Niveau;nein;TG;SBB;5;;;;;
Mammern;MAM;820;4;à Niveau;nein;TG;SBB;5;;;;;
Steckborn;STK;820;4;à Niveau;nein;TG;SBB;5;;;;;
Berlingen;BER;820;4;à Niveau;integral;TG;SBB;1;;;;;
Mannenbach-Salenstein;MANN;820;4;à Niveau;integral;TG;SBB;1;;;;;
Ermatingen;ERM;820;4;à Niveau;nein;TG;SBB;5;;;;;
Triboltingen;TRIB;820;4;à Niveau;integral;TG;SBB;1;;;;;
Tägerwilen-Gottlieben;TAEG;820;4;à Niveau;partiell;TG;SBB;2;;;;;
Kreuzlingen;KR;820;3;Rampe;integral;TG;SBB;1;;;;;
Kreuzlingen Hafen;KRH;820;3;à Niveau;nein;TG;SBB;5;;;;;
Kurzrickenbach Seepark;KURZ;820;4;à Niveau;nein;TG;SBB;5;;;;;
Bottighofen;BOT;820;4;à Niveau;integral;TG;SBB;1;;;;;
Münsterlingen-Scherzingen;MSCH;820;4;à Niveau;integral;TG;SBB;1;;;;;
Münsterlingen Spital;MSPI;820;4;à Niveau;integral;TG;SBB;1;;;;;
Landschlacht;LDS;820;4;à Niveau;integral;TG;SBB;1;;;;;
Altnau;ALN;820;4;à Niveau;integral;TG;SBB;1;;;;;
Güttingen;GUET;820;4;à Niveau;nein;TG;SBB;5;;;;;
Kesswil;KWL;820;4;à Niveau;integral;TG;SBB;1;;;;;
Uttwil;UTW;820;4;à Niveau;integral;TG;SBB;1;;;;;
Winterthur Wallrüti;WWAL;821;4;à Niveau;integral;ZH;SBB;1;;;;;
Reutlingen;REUT;821;4;à Niveau;nein;ZH;SBB;5;;;;;
Seuzach;SEU;821;3;Rampe;integral;ZH;SBB;1;;;;;
Dinhard;DIH;821;4;à Niveau;integral;ZH;SBB;1;;;;;
Thalheim-Altikon;TLH;821;4;à Niveau;nein;ZH;SBB;5;;;;;
Ossingen;OSS;821;4;à Niveau;nein;ZH;SBB;5;;;;;
Stammheim;STM;821;4;nein;nein;ZH;SBB;6;;;;;
Oberwinterthur;OWT;840;3;Rampe;integral;ZH;SBB;1;;;;;
Wiesendangen;WD;840;4;Rampe;nein;ZH;SBB;5;;;;;
Rickenbach-Attikon;RIK;840;4;Rampe;nein;ZH;SBB;5;;;;;
Islikon;ISL;840;4;Rampe;partiell;TG;SBB;2;;;;;
Frauenfeld;FF;840;2;Rampe;integral;TG;SBB;1;;;;;
Felben-Wellhausen;FEL;840;4;Rampe;nein;TG;SBB;5;;;;;
Hüttlingen-Mettendorf;HM;840;4;Rampe;nein;TG;SBB;5;;;;;
Müllheim-Wigoltingen;MUEL;840;4;nein;nein;TG;SBB;6;;;;;
Märstetten;MAER;840;4;Rampe;partiell;TG;SBB;2;;;;;
Weinfelden;WF;840;2;Rampe;integral;TG;SBB;1;;;;;
Bürglen;BGL;840;4;Rampe;partiell;TG;SBB;2;;;;;
Sulgen;SLG;840;4;R oder àN;nein;TG;SBB;5;;;;;
Erlen;ERL;840;4;à Niveau;integral;TG;SBB;1;;;;;
Oberaach;OA;840;4;à Niveau;integral;TG;SBB;1;;;;;
Amriswil;AW;840;3;Rampe;integral;TG;SBB;1;;;;;
Romanshorn;RH;840;2;Rampe;partiell;TG;SBB;2;;;;;
Egnach;EGN;845;4;à Niveau;integral;TG;SBB;1;;;;;
Arbon Seemoosriet;ARBS;845;4;à Niveau;integral;TG;SBB;1;;;;;
Arbon;ARB;845;3;à Niveau;integral;TG;SBB;1;;;;;
Steinach;STCH;845;4;à Niveau;integral;SG;SBB;1;;;;;
Horn;HN;845;4;Rampe;integral;SG;SBB;1;;;;;
Rorschach Hafen;RSHF;845;3;à Niveau;integral;SG;SBB;1;;;;;
Winterthur;W;850;1;Rampe;partiell;ZH;SBB;2;;;;;
Winterthur Grüze;WGR;850;3;nein;partiell;ZH;SBB;4;;;;;
Winterthur Hegi;WHE;850;4;Rampe;integral;ZH;SBB;1;;;;;
Räterschen;RAET;850;4;Rampe;integral;ZH;SBB;1;;;;;
Schottikon;SCHK;850;4;à Niveau;integral;ZH;SBB;1;;;;;
Elgg;EL;850;3;Rampe;partiell;ZH;SBB;2;;;;;
Aadorf;AD;850;3;Rampe;partiell;TG;SBB;2;;;;;
Guntershausen;GUN;850;4;nein;partiell;TG;SBB;4;;;;;
Eschlikon;ESL;850;4;Rampe;partiell;TG;SBB;2;;;;;
Sirnach;SIR;850;4;Rampe;partiell;TG;SBB;2;;;;;
Wil SG;WIL;850;1;R oder L;partiell;SG;SBB;2;;;;;
Uzwil;UZW;850;3;Rampe;integral;SG;SBB;1;;;;;
Flawil;FLA;850;3;Rampe;integral;SG;SBB;1;;;;;
Gossau SG;GSS;850;2;Rampe;partiell;SG;SBB;2;;;;;
St. Gallen Winkeln;SGWI;850;4;Rampe;integral;SG;SBB;1;;;;;
St. Gallen Bruggen;SGBR;850;4;nein;partiell;SG;SBB;4;;;;;
St. Gallen;SG;850;1;Rampe;integral;SG;SBB;1;;;;;
Kradolf;KRA;852;4;à Niveau;integral;TG;SBB;1;;;;;
Bischofszell Nord;BZN;852;4;Rampe;nein;TG;SBB;5;;;;;
Sitterdorf;SIT;852;4;à Niveau;integral;TG;SBB;1;;;;;
Bischofszell Stadt;BZS;852;4;à Niveau;nein;TG;SBB;5;;;;;
Hauptwil;HPT;852;4;à Niveau;nein;TG;SBB;5;;;;;
Arnegg;ARN;852;4;à Niveau;nein;SG;SBB;5;;;;;
Bazenheid;BAZ;853;4;à Niveau;integral;SG;SBB;1;;;;;
Lütisburg;LUET;853;4;à Niveau;integral;SG;SBB;1;;;;;
Bütschwil;BUET;853;4;à Niveau;integral;SG;SBB;1;;;;;
Dietfurt;DTF;853;4;à Niveau;integral;SG;SBB;1;;;;;
Kaltbrunn;KAB;870;4;à Niveau;nein;SG;SBB;5;;;;;
St. Gallen St. Fiden;SGF;880;3;nein;nein;SG;SBB;6;;;;;
Mörschwil;MOER;880;4;nein;nein;SG;SBB;6;;;;;
Goldach;GOL;880;4;Rampe;integral;SG;SBB;1;;;;;
Rorschach Stadt;RSST;880;3;à Niveau;nein;SG;SBB;5;;;;;
Rorschach;RS;880;3;Rampe;partiell;SG;SBB;2;;;;;
Staad;STA;880;4;à Niveau;partiell;SG;SBB;2;;;;;
Rheineck;RCK;880;3;Rampe;integral;SG;SBB;1;;;;;
St. Margrethen;SMG;880;3;Rampe;integral;SG;SBB;1;;;;;
Au SG;AUSG;880;4;à Niveau;integral;SG;SBB;1;;;;;
Heerbrugg;HEBG;880;3;Rampe;integral;SG;SBB;1;;;;;
Rebstein-Marbach;REB;880;4;à Niveau;integral;SG;SBB;1;;;;;
Altstätten SG;ALT;880;3;Rampe;integral;SG;SBB;1;;;;;
Oberriet;ORT;880;4;Rampe;integral;SG;SBB;1;;;;;
Rüthi SG;RTH;880;4;à Niveau;integral;SG;SBB;1;;;;;
Salez-Sennwald;SAS;880;4;à Niveau;integral;SG;SBB;1;;;;;
Buchs SG;BU;880;3;R oder L;integral;SG;SBB;1;;;;;
Sevelen;SEV;880;4;à Niveau;integral;SG;SBB;1;;;;;
Ziegelbrücke;ZB;900;3;Rampe;integral;SG;SBB;1;;;;;
Mühlehorn;MH;900;4;à Niveau;integral;GL;SBB;1;;;;;
Murg;MG;900;4;nein;nein;SG;SBB;6;;;;;
Unterterzen;UNT;900;4;nein;nein;SG;SBB;6;;;;;
Mols;MOLS;900;4;Rampe;nein;SG;SBB;5;;;;;
Walenstadt;WAL;900;4;Rampe;integral;SG;SBB;1;;;;;
Flums;FMS;900;4;nein;nein;SG;SBB;6;;;;;
Mels;MELS;900;4;Rampe;nein;SG;SBB;5;;;;;
Sargans;SA;900;2;Rampe;partiell;SG;SBB;2;;;;;
Bad Ragaz;BRAG;900;3;Rampe;integral;SG;SBB;1;;;;;
Maienfeld;MF;900;4;Rampe;integral;GR;SBB;1;;;;;
Landquart;LQ;900;2;Rampe;integral;GR;SBB;1;;;;;
Chur;CH;900;1;Rampe;integral;GR;SBB;1;;;;;
